machineID,datetime,prediction
1,2015-12-29 06:00:00,0
1,2015-12-29 09:00:00,1
1,2015-12-29 12:00:00,0
1,2015-12-29 15:00:00,0
1,2015-12-29 18:00:00,0
1,2015-12-29 21:00:00,0
1,2015-12-30 00:00:00,0
1,2015-12-30 03:00:00,0
1,2015-12-30 06:00:00,0
1,2015-12-30 09:00:00,0
1,2015-12-30 12:00:00,0
1,2015-12-30 15:00:00,0
1,2015-12-30 18:00:00,0
1,2015-12-30 21:00:00,0
1,2015-12-31 00:00:00,0
1,2015-12-31 03:00:00,0
1,2015-12-31 06:00:00,0
1,2015-12-31 09:00:00,0
1,2015-12-31 12:00:00,0
1,2015-12-31 15:00:00,0
1,2015-12-31 18:00:00,0
1,2015-12-31 21:00:00,0
1,2016-01-01 00:00:00,0
1,2016-01-01 03:00:00,0
1,2016-01-01 06:00:00,1
2,2015-12-29 06:00:00,0
2,2015-12-29 09:00:00,0
2,2015-12-29 12:00:00,0
2,2015-12-29 15:00:00,0
2,2015-12-29 18:00:00,0
2,2015-12-29 21:00:00,0
2,2015-12-30 00:00:00,0
2,2015-12-30 03:00:00,0
2,2015-12-30 06:00:00,0
2,2015-12-30 09:00:00,0
2,2015-12-30 12:00:00,0
2,2015-12-30 15:00:00,0
2,2015-12-30 18:00:00,0
2,2015-12-30 21:00:00,0
2,2015-12-31 00:00:00,0
2,2015-12-31 03:00:00,0
2,2015-12-31 06:00:00,0
2,2015-12-31 09:00:00,0
2,2015-12-31 12:00:00,0
2,2015-12-31 15:00:00,0
2,2015-12-31 18:00:00,0
2,2015-12-31 21:00:00,0
2,2016-01-01 00:00:00,1
2,2016-01-01 03:00:00,0
2,2016-01-01 06:00:00,0
3,2015-12-29 06:00:00,0
3,2015-12-29 09:00:00,0
3,2015-12-29 12:00:00,0
3,2015-12-29 15:00:00,0
3,2015-12-29 18:00:00,0
3,2015-12-29 21:00:00,0
3,2015-12-30 00:00:00,0
3,2015-12-30 03:00:00,0
3,2015-12-30 06:00:00,0
3,2015-12-30 09:00:00,0
3,2015-12-30 12:00:00,0
3,2015-12-30 15:00:00,0
3,2015-12-30 18:00:00,0
3,2015-12-30 21:00:00,0
3,2015-12-31 00:00:00,0
3,2015-12-31 03:00:00,0
3,2015-12-31 06:00:00,0
3,2015-12-31 09:00:00,0
3,2015-12-31 12:00:00,0
3,2015-12-31 15:00:00,0
3,2015-12-31 18:00:00,0
3,2015-12-31 21:00:00,0
3,2016-01-01 00:00:00,0
3,2016-01-01 03:00:00,0
3,2016-01-01 06:00:00,0
4,2015-12-29 06:00:00,0
4,2015-12-29 09:00:00,0
4,2015-12-29 12:00:00,0
4,2015-12-29 15:00:00,0
4,2015-12-29 18:00:00,0
4,2015-12-29 21:00:00,0
4,2015-12-30 00:00:00,1
4,2015-12-30 03:00:00,0
4,2015-12-30 06:00:00,0
4,2015-12-30 09:00:00,0
4,2015-12-30 12:00:00,0
4,2015-12-30 15:00:00,0
4,2015-12-30 18:00:00,0
4,2015-12-30 21:00:00,0
4,2015-12-31 00:00:00,0
4,2015-12-31 03:00:00,0
4,2015-12-31 06:00:00,0
4,2015-12-31 09:00:00,0
4,2015-12-31 12:00:00,0
4,2015-12-31 15:00:00,0
4,2015-12-31 18:00:00,0
4,2015-12-31 21:00:00,0
4,2016-01-01 00:00:00,0
4,2016-01-01 03:00:00,0
4,2016-01-01 06:00:00,0
5,2015-12-29 06:00:00,0
5,2015-12-29 09:00:00,0
5,2015-12-29 12:00:00,0
5,2015-12-29 15:00:00,0
5,2015-12-29 18:00:00,0
5,2015-12-29 21:00:00,0
5,2015-12-30 00:00:00,0
5,2015-12-30 03:00:00,0
5,2015-12-30 06:00:00,0
5,2015-12-30 09:00:00,0
5,2015-12-30 12:00:00,0
5,2015-12-30 15:00:00,0
5,2015-12-30 18:00:00,0
5,2015-12-30 21:00:00,0
5,2015-12-31 00:00:00,0
5,2015-12-31 03:00:00,0
5,2015-12-31 06:00:00,0
5,2015-12-31 09:00:00,0
5,2015-12-31 12:00:00,0
5,2015-12-31 15:00:00,0
5,2015-12-31 18:00:00,0
5,2015-12-31 21:00:00,0
5,2016-01-01 00:00:00,0
5,2016-01-01 03:00:00,0
5,2016-01-01 06:00:00,0
6,2015-12-29 06:00:00,0
6,2015-12-29 09:00:00,0
6,2015-12-29 12:00:00,0
6,2015-12-29 15:00:00,0
6,2015-12-29 18:00:00,0
6,2015-12-29 21:00:00,0
6,2015-12-30 00:00:00,0
6,2015-12-30 03:00:00,0
6,2015-12-30 06:00:00,0
6,2015-12-30 09:00:00,0
6,2015-12-30 12:00:00,0
6,2015-12-30 15:00:00,0
6,2015-12-30 18:00:00,0
6,2015-12-30 21:00:00,0
6,2015-12-31 00:00:00,0
6,2015-12-31 03:00:00,0
6,2015-12-31 06:00:00,0
6,2015-12-31 09:00:00,0
6,2015-12-31 12:00:00,0
6,2015-12-31 15:00:00,0
6,2015-12-31 18:00:00,0
6,2015-12-31 21:00:00,0
6,2016-01-01 00:00:00,1
6,2016-01-01 03:00:00,0
6,2016-01-01 06:00:00,1
7,2015-12-29 06:00:00,1
7,2015-12-29 09:00:00,1
7,2015-12-29 12:00:00,1
7,2015-12-29 15:00:00,1
7,2015-12-29 18:00:00,0
7,2015-12-29 21:00:00,0
7,2015-12-30 00:00:00,0
7,2015-12-30 03:00:00,0
7,2015-12-30 06:00:00,0
7,2015-12-30 09:00:00,0
7,2015-12-30 12:00:00,0
7,2015-12-30 15:00:00,0
7,2015-12-30 18:00:00,0
7,2015-12-30 21:00:00,0
7,2015-12-31 00:00:00,0
7,2015-12-31 03:00:00,0
7,2015-12-31 06:00:00,0
7,2015-12-31 09:00:00,0
7,2015-12-31 12:00:00,0
7,2015-12-31 15:00:00,1
7,2015-12-31 18:00:00,0
7,2015-12-31 21:00:00,0
7,2016-01-01 00:00:00,0
7,2016-01-01 03:00:00,0
7,2016-01-01 06:00:00,1
8,2015-12-29 06:00:00,1
8,2015-12-29 09:00:00,1
8,2015-12-29 12:00:00,1
8,2015-12-29 15:00:00,1
8,2015-12-29 18:00:00,1
8,2015-12-29 21:00:00,0
8,2015-12-30 00:00:00,0
8,2015-12-30 03:00:00,0
8,2015-12-30 06:00:00,0
8,2015-12-30 09:00:00,0
8,2015-12-30 12:00:00,0
8,2015-12-30 15:00:00,0
8,2015-12-30 18:00:00,0
8,2015-12-30 21:00:00,0
8,2015-12-31 00:00:00,0
8,2015-12-31 03:00:00,0
8,2015-12-31 06:00:00,0
8,2015-12-31 09:00:00,0
8,2015-12-31 12:00:00,0
8,2015-12-31 15:00:00,0
8,2015-12-31 18:00:00,0
8,2015-12-31 21:00:00,0
8,2016-01-01 00:00:00,0
8,2016-01-01 03:00:00,0
8,2016-01-01 06:00:00,0
9,2015-12-29 06:00:00,0
9,2015-12-29 09:00:00,0
9,2015-12-29 12:00:00,0
9,2015-12-29 15:00:00,0
9,2015-12-29 18:00:00,0
9,2015-12-29 21:00:00,0
9,2015-12-30 00:00:00,0
9,2015-12-30 03:00:00,0
9,2015-12-30 06:00:00,0
9,2015-12-30 09:00:00,0
9,2015-12-30 12:00:00,0
9,2015-12-30 15:00:00,0
9,2015-12-30 18:00:00,0
9,2015-12-30 21:00:00,0
9,2015-12-31 00:00:00,0
9,2015-12-31 03:00:00,0
9,2015-12-31 06:00:00,0
9,2015-12-31 09:00:00,1
9,2015-12-31 12:00:00,0
9,2015-12-31 15:00:00,0
9,2015-12-31 18:00:00,0
9,2015-12-31 21:00:00,0
9,2016-01-01 00:00:00,0
9,2016-01-01 03:00:00,0
9,2016-01-01 06:00:00,0
10,2015-12-29 06:00:00,0
10,2015-12-29 09:00:00,0
10,2015-12-29 12:00:00,0
10,2015-12-29 15:00:00,0
10,2015-12-29 18:00:00,0
10,2015-12-29 21:00:00,0
10,2015-12-30 00:00:00,0
10,2015-12-30 03:00:00,0
10,2015-12-30 06:00:00,0
10,2015-12-30 09:00:00,0
10,2015-12-30 12:00:00,0
10,2015-12-30 15:00:00,0
10,2015-12-30 18:00:00,0
10,2015-12-30 21:00:00,0
10,2015-12-31 00:00:00,0
10,2015-12-31 03:00:00,0
10,2015-12-31 06:00:00,0
10,2015-12-31 09:00:00,0
10,2015-12-31 12:00:00,1
10,2015-12-31 15:00:00,0
10,2015-12-31 18:00:00,0
10,2015-12-31 21:00:00,0
10,2016-01-01 00:00:00,0
10,2016-01-01 03:00:00,0
10,2016-01-01 06:00:00,1
11,2015-12-29 06:00:00,1
11,2015-12-29 09:00:00,1
11,2015-12-29 12:00:00,1
11,2015-12-29 15:00:00,1
11,2015-12-29 18:00:00,1
11,2015-12-29 21:00:00,0
11,2015-12-30 00:00:00,0
11,2015-12-30 03:00:00,0
11,2015-12-30 06:00:00,0
11,2015-12-30 09:00:00,0
11,2015-12-30 12:00:00,0
11,2015-12-30 15:00:00,0
11,2015-12-30 18:00:00,0
11,2015-12-30 21:00:00,0
11,2015-12-31 00:00:00,0
11,2015-12-31 03:00:00,1
11,2015-12-31 06:00:00,0
11,2015-12-31 09:00:00,1
11,2015-12-31 12:00:00,0
11,2015-12-31 15:00:00,0
11,2015-12-31 18:00:00,0
11,2015-12-31 21:00:00,0
11,2016-01-01 00:00:00,0
11,2016-01-01 03:00:00,0
11,2016-01-01 06:00:00,0
12,2015-12-29 06:00:00,0
12,2015-12-29 09:00:00,0
12,2015-12-29 12:00:00,0
12,2015-12-29 15:00:00,0
12,2015-12-29 18:00:00,0
12,2015-12-29 21:00:00,0
12,2015-12-30 00:00:00,0
12,2015-12-30 03:00:00,0
12,2015-12-30 06:00:00,0
12,2015-12-30 09:00:00,0
12,2015-12-30 12:00:00,0
12,2015-12-30 15:00:00,0
12,2015-12-30 18:00:00,0
12,2015-12-30 21:00:00,0
12,2015-12-31 00:00:00,0
12,2015-12-31 03:00:00,0
12,2015-12-31 06:00:00,0
12,2015-12-31 09:00:00,0
12,2015-12-31 12:00:00,0
12,2015-12-31 15:00:00,0
12,2015-12-31 18:00:00,0
12,2015-12-31 21:00:00,0
12,2016-01-01 00:00:00,0
12,2016-01-01 03:00:00,0
12,2016-01-01 06:00:00,0
13,2015-12-29 06:00:00,0
13,2015-12-29 09:00:00,0
13,2015-12-29 12:00:00,1
13,2015-12-29 15:00:00,1
13,2015-12-29 18:00:00,0
13,2015-12-29 21:00:00,1
13,2015-12-30 00:00:00,0
13,2015-12-30 03:00:00,1
13,2015-12-30 06:00:00,1
13,2015-12-30 09:00:00,0
13,2015-12-30 12:00:00,1
13,2015-12-30 15:00:00,1
13,2015-12-30 18:00:00,1
13,2015-12-30 21:00:00,1
13,2015-12-31 00:00:00,1
13,2015-12-31 03:00:00,1
13,2015-12-31 06:00:00,1
13,2015-12-31 09:00:00,1
13,2015-12-31 12:00:00,0
13,2015-12-31 15:00:00,0
13,2015-12-31 18:00:00,0
13,2015-12-31 21:00:00,0
13,2016-01-01 00:00:00,1
13,2016-01-01 03:00:00,0
13,2016-01-01 06:00:00,0
14,2015-12-29 06:00:00,0
14,2015-12-29 09:00:00,0
14,2015-12-29 12:00:00,0
14,2015-12-29 15:00:00,0
14,2015-12-29 18:00:00,0
14,2015-12-29 21:00:00,0
14,2015-12-30 00:00:00,0
14,2015-12-30 03:00:00,0
14,2015-12-30 06:00:00,0
14,2015-12-30 09:00:00,1
14,2015-12-30 12:00:00,0
14,2015-12-30 15:00:00,0
14,2015-12-30 18:00:00,0
14,2015-12-30 21:00:00,0
14,2015-12-31 00:00:00,0
14,2015-12-31 03:00:00,0
14,2015-12-31 06:00:00,0
14,2015-12-31 09:00:00,0
14,2015-12-31 12:00:00,0
14,2015-12-31 15:00:00,0
14,2015-12-31 18:00:00,0
14,2015-12-31 21:00:00,0
14,2016-01-01 00:00:00,0
14,2016-01-01 03:00:00,0
14,2016-01-01 06:00:00,0
15,2015-12-29 06:00:00,0
15,2015-12-29 09:00:00,1
15,2015-12-29 12:00:00,0
15,2015-12-29 15:00:00,1
15,2015-12-29 18:00:00,1
15,2015-12-29 21:00:00,1
15,2015-12-30 00:00:00,1
15,2015-12-30 03:00:00,1
15,2015-12-30 06:00:00,1
15,2015-12-30 09:00:00,1
15,2015-12-30 12:00:00,1
15,2015-12-30 15:00:00,1
15,2015-12-30 18:00:00,1
15,2015-12-30 21:00:00,1
15,2015-12-31 00:00:00,1
15,2015-12-31 03:00:00,1
15,2015-12-31 06:00:00,0
15,2015-12-31 09:00:00,0
15,2015-12-31 12:00:00,1
15,2015-12-31 15:00:00,1
15,2015-12-31 18:00:00,0
15,2015-12-31 21:00:00,0
15,2016-01-01 00:00:00,0
15,2016-01-01 03:00:00,0
15,2016-01-01 06:00:00,0
16,2015-12-29 06:00:00,1
16,2015-12-29 09:00:00,0
16,2015-12-29 12:00:00,1
16,2015-12-29 15:00:00,0
16,2015-12-29 18:00:00,0
16,2015-12-29 21:00:00,0
16,2015-12-30 00:00:00,0
16,2015-12-30 03:00:00,0
16,2015-12-30 06:00:00,0
16,2015-12-30 09:00:00,0
16,2015-12-30 12:00:00,0
16,2015-12-30 15:00:00,0
16,2015-12-30 18:00:00,0
16,2015-12-30 21:00:00,0
16,2015-12-31 00:00:00,0
16,2015-12-31 03:00:00,0
16,2015-12-31 06:00:00,0
16,2015-12-31 09:00:00,0
16,2015-12-31 12:00:00,0
16,2015-12-31 15:00:00,0
16,2015-12-31 18:00:00,0
16,2015-12-31 21:00:00,0
16,2016-01-01 00:00:00,0
16,2016-01-01 03:00:00,0
16,2016-01-01 06:00:00,0
17,2015-12-29 06:00:00,1
17,2015-12-29 09:00:00,0
17,2015-12-29 12:00:00,1
17,2015-12-29 15:00:00,1
17,2015-12-29 18:00:00,0
17,2015-12-29 21:00:00,1
17,2015-12-30 00:00:00,0
17,2015-12-30 03:00:00,1
17,2015-12-30 06:00:00,1
17,2015-12-30 09:00:00,1
17,2015-12-30 12:00:00,0
17,2015-12-30 15:00:00,1
17,2015-12-30 18:00:00,0
17,2015-12-30 21:00:00,0
17,2015-12-31 00:00:00,0
17,2015-12-31 03:00:00,0
17,2015-12-31 06:00:00,1
17,2015-12-31 09:00:00,0
17,2015-12-31 12:00:00,0
17,2015-12-31 15:00:00,0
17,2015-12-31 18:00:00,0
17,2015-12-31 21:00:00,0
17,2016-01-01 00:00:00,1
17,2016-01-01 03:00:00,0
17,2016-01-01 06:00:00,0
18,2015-12-29 06:00:00,0
18,2015-12-29 09:00:00,0
18,2015-12-29 12:00:00,0
18,2015-12-29 15:00:00,0
18,2015-12-29 18:00:00,0
18,2015-12-29 21:00:00,0
18,2015-12-30 00:00:00,1
18,2015-12-30 03:00:00,0
18,2015-12-30 06:00:00,1
18,2015-12-30 09:00:00,0
18,2015-12-30 12:00:00,0
18,2015-12-30 15:00:00,0
18,2015-12-30 18:00:00,0
18,2015-12-30 21:00:00,0
18,2015-12-31 00:00:00,0
18,2015-12-31 03:00:00,0
18,2015-12-31 06:00:00,0
18,2015-12-31 09:00:00,0
18,2015-12-31 12:00:00,0
18,2015-12-31 15:00:00,0
18,2015-12-31 18:00:00,0
18,2015-12-31 21:00:00,0
18,2016-01-01 00:00:00,0
18,2016-01-01 03:00:00,0
18,2016-01-01 06:00:00,0
19,2015-12-29 06:00:00,0
19,2015-12-29 09:00:00,0
19,2015-12-29 12:00:00,0
19,2015-12-29 15:00:00,0
19,2015-12-29 18:00:00,0
19,2015-12-29 21:00:00,0
19,2015-12-30 00:00:00,0
19,2015-12-30 03:00:00,0
19,2015-12-30 06:00:00,0
19,2015-12-30 09:00:00,1
19,2015-12-30 12:00:00,0
19,2015-12-30 15:00:00,0
19,2015-12-30 18:00:00,0
19,2015-12-30 21:00:00,0
19,2015-12-31 00:00:00,1
19,2015-12-31 03:00:00,0
19,2015-12-31 06:00:00,0
19,2015-12-31 09:00:00,0
19,2015-12-31 12:00:00,0
19,2015-12-31 15:00:00,0
19,2015-12-31 18:00:00,0
19,2015-12-31 21:00:00,1
19,2016-01-01 00:00:00,0
19,2016-01-01 03:00:00,0
19,2016-01-01 06:00:00,0
20,2015-12-29 06:00:00,0
20,2015-12-29 09:00:00,1
20,2015-12-29 12:00:00,1
20,2015-12-29 15:00:00,1
20,2015-12-29 18:00:00,1
20,2015-12-29 21:00:00,1
20,2015-12-30 00:00:00,1
20,2015-12-30 03:00:00,1
20,2015-12-30 06:00:00,0
20,2015-12-30 09:00:00,0
20,2015-12-30 12:00:00,0
20,2015-12-30 15:00:00,0
20,2015-12-30 18:00:00,0
20,2015-12-30 21:00:00,0
20,2015-12-31 00:00:00,0
20,2015-12-31 03:00:00,0
20,2015-12-31 06:00:00,1
20,2015-12-31 09:00:00,0
20,2015-12-31 12:00:00,0
20,2015-12-31 15:00:00,0
20,2015-12-31 18:00:00,1
20,2015-12-31 21:00:00,0
20,2016-01-01 00:00:00,0
20,2016-01-01 03:00:00,0
20,2016-01-01 06:00:00,1
21,2015-12-29 06:00:00,0
21,2015-12-29 09:00:00,0
21,2015-12-29 12:00:00,0
21,2015-12-29 15:00:00,0
21,2015-12-29 18:00:00,0
21,2015-12-29 21:00:00,1
21,2015-12-30 00:00:00,0
21,2015-12-30 03:00:00,0
21,2015-12-30 06:00:00,0
21,2015-12-30 09:00:00,0
21,2015-12-30 12:00:00,0
21,2015-12-30 15:00:00,0
21,2015-12-30 18:00:00,0
21,2015-12-30 21:00:00,0
21,2015-12-31 00:00:00,0
21,2015-12-31 03:00:00,1
21,2015-12-31 06:00:00,1
21,2015-12-31 09:00:00,1
21,2015-12-31 12:00:00,1
21,2015-12-31 15:00:00,1
21,2015-12-31 18:00:00,1
21,2015-12-31 21:00:00,1
21,2016-01-01 00:00:00,0
21,2016-01-01 03:00:00,1
21,2016-01-01 06:00:00,1
22,2015-12-29 06:00:00,0
22,2015-12-29 09:00:00,0
22,2015-12-29 12:00:00,0
22,2015-12-29 15:00:00,0
22,2015-12-29 18:00:00,0
22,2015-12-29 21:00:00,0
22,2015-12-30 00:00:00,0
22,2015-12-30 03:00:00,0
22,2015-12-30 06:00:00,0
22,2015-12-30 09:00:00,0
22,2015-12-30 12:00:00,1
22,2015-12-30 15:00:00,0
22,2015-12-30 18:00:00,0
22,2015-12-30 21:00:00,0
22,2015-12-31 00:00:00,0
22,2015-12-31 03:00:00,0
22,2015-12-31 06:00:00,0
22,2015-12-31 09:00:00,1
22,2015-12-31 12:00:00,0
22,2015-12-31 15:00:00,0
22,2015-12-31 18:00:00,0
22,2015-12-31 21:00:00,0
22,2016-01-01 00:00:00,0
22,2016-01-01 03:00:00,0
22,2016-01-01 06:00:00,0
23,2015-12-29 06:00:00,0
23,2015-12-29 09:00:00,0
23,2015-12-29 12:00:00,0
23,2015-12-29 15:00:00,0
23,2015-12-29 18:00:00,1
23,2015-12-29 21:00:00,0
23,2015-12-30 00:00:00,0
23,2015-12-30 03:00:00,0
23,2015-12-30 06:00:00,1
23,2015-12-30 09:00:00,1
23,2015-12-30 12:00:00,1
23,2015-12-30 15:00:00,1
23,2015-12-30 18:00:00,1
23,2015-12-30 21:00:00,1
23,2015-12-31 00:00:00,1
23,2015-12-31 03:00:00,1
23,2015-12-31 06:00:00,1
23,2015-12-31 09:00:00,1
23,2015-12-31 12:00:00,1
23,2015-12-31 15:00:00,1
23,2015-12-31 18:00:00,1
23,2015-12-31 21:00:00,1
23,2016-01-01 00:00:00,1
23,2016-01-01 03:00:00,0
23,2016-01-01 06:00:00,1
24,2015-12-29 06:00:00,0
24,2015-12-29 09:00:00,0
24,2015-12-29 12:00:00,0
24,2015-12-29 15:00:00,0
24,2015-12-29 18:00:00,0
24,2015-12-29 21:00:00,0
24,2015-12-30 00:00:00,1
24,2015-12-30 03:00:00,0
24,2015-12-30 06:00:00,0
24,2015-12-30 09:00:00,0
24,2015-12-30 12:00:00,0
24,2015-12-30 15:00:00,0
24,2015-12-30 18:00:00,0
24,2015-12-30 21:00:00,0
24,2015-12-31 00:00:00,0
24,2015-12-31 03:00:00,0
24,2015-12-31 06:00:00,0
24,2015-12-31 09:00:00,0
24,2015-12-31 12:00:00,0
24,2015-12-31 15:00:00,0
24,2015-12-31 18:00:00,0
24,2015-12-31 21:00:00,0
24,2016-01-01 00:00:00,0
24,2016-01-01 03:00:00,0
24,2016-01-01 06:00:00,1
25,2015-12-29 06:00:00,1
25,2015-12-29 09:00:00,1
25,2015-12-29 12:00:00,0
25,2015-12-29 15:00:00,1
25,2015-12-29 18:00:00,1
25,2015-12-29 21:00:00,1
25,2015-12-30 00:00:00,0
25,2015-12-30 03:00:00,0
25,2015-12-30 06:00:00,0
25,2015-12-30 09:00:00,0
25,2015-12-30 12:00:00,0
25,2015-12-30 15:00:00,0
25,2015-12-30 18:00:00,0
25,2015-12-30 21:00:00,0
25,2015-12-31 00:00:00,0
25,2015-12-31 03:00:00,0
25,2015-12-31 06:00:00,0
25,2015-12-31 09:00:00,0
25,2015-12-31 12:00:00,0
25,2015-12-31 15:00:00,0
25,2015-12-31 18:00:00,0
25,2015-12-31 21:00:00,0
25,2016-01-01 00:00:00,0
25,2016-01-01 03:00:00,0
25,2016-01-01 06:00:00,0
26,2015-12-29 06:00:00,0
26,2015-12-29 09:00:00,0
26,2015-12-29 12:00:00,0
26,2015-12-29 15:00:00,0
26,2015-12-29 18:00:00,0
26,2015-12-29 21:00:00,0
26,2015-12-30 00:00:00,0
26,2015-12-30 03:00:00,0
26,2015-12-30 06:00:00,0
26,2015-12-30 09:00:00,0
26,2015-12-30 12:00:00,0
26,2015-12-30 15:00:00,0
26,2015-12-30 18:00:00,0
26,2015-12-30 21:00:00,1
26,2015-12-31 00:00:00,0
26,2015-12-31 03:00:00,0
26,2015-12-31 06:00:00,0
26,2015-12-31 09:00:00,0
26,2015-12-31 12:00:00,0
26,2015-12-31 15:00:00,0
26,2015-12-31 18:00:00,0
26,2015-12-31 21:00:00,0
26,2016-01-01 00:00:00,0
26,2016-01-01 03:00:00,0
26,2016-01-01 06:00:00,0
27,2015-12-29 06:00:00,0
27,2015-12-29 09:00:00,1
27,2015-12-29 12:00:00,0
27,2015-12-29 15:00:00,0
27,2015-12-29 18:00:00,0
27,2015-12-29 21:00:00,0
27,2015-12-30 00:00:00,0
27,2015-12-30 03:00:00,0
27,2015-12-30 06:00:00,0
27,2015-12-30 09:00:00,0
27,2015-12-30 12:00:00,0
27,2015-12-30 15:00:00,0
27,2015-12-30 18:00:00,0
27,2015-12-30 21:00:00,0
27,2015-12-31 00:00:00,0
27,2015-12-31 03:00:00,0
27,2015-12-31 06:00:00,0
27,2015-12-31 09:00:00,0
27,2015-12-31 12:00:00,0
27,2015-12-31 15:00:00,0
27,2015-12-31 18:00:00,0
27,2015-12-31 21:00:00,0
27,2016-01-01 00:00:00,1
27,2016-01-01 03:00:00,0
27,2016-01-01 06:00:00,0
28,2015-12-29 06:00:00,0
28,2015-12-29 09:00:00,0
28,2015-12-29 12:00:00,0
28,2015-12-29 15:00:00,0
28,2015-12-29 18:00:00,0
28,2015-12-29 21:00:00,0
28,2015-12-30 00:00:00,0
28,2015-12-30 03:00:00,0
28,2015-12-30 06:00:00,0
28,2015-12-30 09:00:00,0
28,2015-12-30 12:00:00,0
28,2015-12-30 15:00:00,0
28,2015-12-30 18:00:00,0
28,2015-12-30 21:00:00,0
28,2015-12-31 00:00:00,0
28,2015-12-31 03:00:00,0
28,2015-12-31 06:00:00,0
28,2015-12-31 09:00:00,0
28,2015-12-31 12:00:00,0
28,2015-12-31 15:00:00,0
28,2015-12-31 18:00:00,0
28,2015-12-31 21:00:00,0
28,2016-01-01 00:00:00,0
28,2016-01-01 03:00:00,0
28,2016-01-01 06:00:00,0
29,2015-12-29 06:00:00,0
29,2015-12-29 09:00:00,0
29,2015-12-29 12:00:00,0
29,2015-12-29 15:00:00,0
29,2015-12-29 18:00:00,0
29,2015-12-29 21:00:00,0
29,2015-12-30 00:00:00,0
29,2015-12-30 03:00:00,0
29,2015-12-30 06:00:00,0
29,2015-12-30 09:00:00,0
29,2015-12-30 12:00:00,0
29,2015-12-30 15:00:00,0
29,2015-12-30 18:00:00,0
29,2015-12-30 21:00:00,0
29,2015-12-31 00:00:00,1
29,2015-12-31 03:00:00,0
29,2015-12-31 06:00:00,0
29,2015-12-31 09:00:00,0
29,2015-12-31 12:00:00,0
29,2015-12-31 15:00:00,0
29,2015-12-31 18:00:00,0
29,2015-12-31 21:00:00,0
29,2016-01-01 00:00:00,0
29,2016-01-01 03:00:00,0
29,2016-01-01 06:00:00,1
30,2015-12-29 06:00:00,0
30,2015-12-29 09:00:00,0
30,2015-12-29 12:00:00,0
30,2015-12-29 15:00:00,0
30,2015-12-29 18:00:00,0
30,2015-12-29 21:00:00,0
30,2015-12-30 00:00:00,0
30,2015-12-30 03:00:00,0
30,2015-12-30 06:00:00,0
30,2015-12-30 09:00:00,0
30,2015-12-30 12:00:00,0
30,2015-12-30 15:00:00,0
30,2015-12-30 18:00:00,0
30,2015-12-30 21:00:00,0
30,2015-12-31 00:00:00,1
30,2015-12-31 03:00:00,0
30,2015-12-31 06:00:00,1
30,2015-12-31 09:00:00,0
30,2015-12-31 12:00:00,0
30,2015-12-31 15:00:00,0
30,2015-12-31 18:00:00,0
30,2015-12-31 21:00:00,0
30,2016-01-01 00:00:00,0
30,2016-01-01 03:00:00,0
30,2016-01-01 06:00:00,0
31,2015-12-29 06:00:00,0
31,2015-12-29 09:00:00,0
31,2015-12-29 12:00:00,0
31,2015-12-29 15:00:00,0
31,2015-12-29 18:00:00,0
31,2015-12-29 21:00:00,0
31,2015-12-30 00:00:00,0
31,2015-12-30 03:00:00,0
31,2015-12-30 06:00:00,0
31,2015-12-30 09:00:00,0
31,2015-12-30 12:00:00,0
31,2015-12-30 15:00:00,0
31,2015-12-30 18:00:00,0
31,2015-12-30 21:00:00,0
31,2015-12-31 00:00:00,0
31,2015-12-31 03:00:00,0
31,2015-12-31 06:00:00,0
31,2015-12-31 09:00:00,0
31,2015-12-31 12:00:00,1
31,2015-12-31 15:00:00,1
31,2015-12-31 18:00:00,1
31,2015-12-31 21:00:00,1
31,2016-01-01 00:00:00,1
31,2016-01-01 03:00:00,1
31,2016-01-01 06:00:00,1
32,2015-12-29 06:00:00,0
32,2015-12-29 09:00:00,0
32,2015-12-29 12:00:00,0
32,2015-12-29 15:00:00,0
32,2015-12-29 18:00:00,0
32,2015-12-29 21:00:00,0
32,2015-12-30 00:00:00,1
32,2015-12-30 03:00:00,0
32,2015-12-30 06:00:00,0
32,2015-12-30 09:00:00,1
32,2015-12-30 12:00:00,1
32,2015-12-30 15:00:00,0
32,2015-12-30 18:00:00,0
32,2015-12-30 21:00:00,0
32,2015-12-31 00:00:00,0
32,2015-12-31 03:00:00,0
32,2015-12-31 06:00:00,0
32,2015-12-31 09:00:00,0
32,2015-12-31 12:00:00,0
32,2015-12-31 15:00:00,1
32,2015-12-31 18:00:00,0
32,2015-12-31 21:00:00,0
32,2016-01-01 00:00:00,0
32,2016-01-01 03:00:00,0
32,2016-01-01 06:00:00,0
33,2015-12-29 06:00:00,0
33,2015-12-29 09:00:00,0
33,2015-12-29 12:00:00,0
33,2015-12-29 15:00:00,0
33,2015-12-29 18:00:00,0
33,2015-12-29 21:00:00,0
33,2015-12-30 00:00:00,0
33,2015-12-30 03:00:00,0
33,2015-12-30 06:00:00,0
33,2015-12-30 09:00:00,0
33,2015-12-30 12:00:00,0
33,2015-12-30 15:00:00,0
33,2015-12-30 18:00:00,0
33,2015-12-30 21:00:00,0
33,2015-12-31 00:00:00,0
33,2015-12-31 03:00:00,0
33,2015-12-31 06:00:00,0
33,2015-12-31 09:00:00,0
33,2015-12-31 12:00:00,0
33,2015-12-31 15:00:00,0
33,2015-12-31 18:00:00,0
33,2015-12-31 21:00:00,0
33,2016-01-01 00:00:00,0
33,2016-01-01 03:00:00,0
33,2016-01-01 06:00:00,0
34,2015-12-29 06:00:00,0
34,2015-12-29 09:00:00,0
34,2015-12-29 12:00:00,0
34,2015-12-29 15:00:00,0
34,2015-12-29 18:00:00,0
34,2015-12-29 21:00:00,0
34,2015-12-30 00:00:00,0
34,2015-12-30 03:00:00,0
34,2015-12-30 06:00:00,0
34,2015-12-30 09:00:00,0
34,2015-12-30 12:00:00,0
34,2015-12-30 15:00:00,0
34,2015-12-30 18:00:00,1
34,2015-12-30 21:00:00,1
34,2015-12-31 00:00:00,0
34,2015-12-31 03:00:00,1
34,2015-12-31 06:00:00,0
34,2015-12-31 09:00:00,1
34,2015-12-31 12:00:00,1
34,2015-12-31 15:00:00,1
34,2015-12-31 18:00:00,1
34,2015-12-31 21:00:00,1
34,2016-01-01 00:00:00,1
34,2016-01-01 03:00:00,1
34,2016-01-01 06:00:00,1
35,2015-12-29 06:00:00,0
35,2015-12-29 09:00:00,0
35,2015-12-29 12:00:00,0
35,2015-12-29 15:00:00,0
35,2015-12-29 18:00:00,1
35,2015-12-29 21:00:00,0
35,2015-12-30 00:00:00,0
35,2015-12-30 03:00:00,0
35,2015-12-30 06:00:00,0
35,2015-12-30 09:00:00,0
35,2015-12-30 12:00:00,0
35,2015-12-30 15:00:00,1
35,2015-12-30 18:00:00,0
35,2015-12-30 21:00:00,0
35,2015-12-31 00:00:00,0
35,2015-12-31 03:00:00,0
35,2015-12-31 06:00:00,0
35,2015-12-31 09:00:00,0
35,2015-12-31 12:00:00,0
35,2015-12-31 15:00:00,1
35,2015-12-31 18:00:00,0
35,2015-12-31 21:00:00,1
35,2016-01-01 00:00:00,0
35,2016-01-01 03:00:00,0
35,2016-01-01 06:00:00,0
36,2015-12-29 06:00:00,0
36,2015-12-29 09:00:00,0
36,2015-12-29 12:00:00,0
36,2015-12-29 15:00:00,0
36,2015-12-29 18:00:00,0
36,2015-12-29 21:00:00,0
36,2015-12-30 00:00:00,0
36,2015-12-30 03:00:00,1
36,2015-12-30 06:00:00,1
36,2015-12-30 09:00:00,0
36,2015-12-30 12:00:00,0
36,2015-12-30 15:00:00,0
36,2015-12-30 18:00:00,0
36,2015-12-30 21:00:00,0
36,2015-12-31 00:00:00,0
36,2015-12-31 03:00:00,0
36,2015-12-31 06:00:00,0
36,2015-12-31 09:00:00,0
36,2015-12-31 12:00:00,0
36,2015-12-31 15:00:00,0
36,2015-12-31 18:00:00,0
36,2015-12-31 21:00:00,0
36,2016-01-01 00:00:00,0
36,2016-01-01 03:00:00,0
36,2016-01-01 06:00:00,0
37,2015-12-29 06:00:00,0
37,2015-12-29 09:00:00,0
37,2015-12-29 12:00:00,0
37,2015-12-29 15:00:00,0
37,2015-12-29 18:00:00,0
37,2015-12-29 21:00:00,0
37,2015-12-30 00:00:00,0
37,2015-12-30 03:00:00,0
37,2015-12-30 06:00:00,0
37,2015-12-30 09:00:00,0
37,2015-12-30 12:00:00,0
37,2015-12-30 15:00:00,0
37,2015-12-30 18:00:00,0
37,2015-12-30 21:00:00,0
37,2015-12-31 00:00:00,0
37,2015-12-31 03:00:00,0
37,2015-12-31 06:00:00,0
37,2015-12-31 09:00:00,0
37,2015-12-31 12:00:00,0
37,2015-12-31 15:00:00,0
37,2015-12-31 18:00:00,0
37,2015-12-31 21:00:00,0
37,2016-01-01 00:00:00,0
37,2016-01-01 03:00:00,0
37,2016-01-01 06:00:00,1
38,2015-12-29 06:00:00,0
38,2015-12-29 09:00:00,0
38,2015-12-29 12:00:00,0
38,2015-12-29 15:00:00,1
38,2015-12-29 18:00:00,1
38,2015-12-29 21:00:00,0
38,2015-12-30 00:00:00,0
38,2015-12-30 03:00:00,0
38,2015-12-30 06:00:00,0
38,2015-12-30 09:00:00,0
38,2015-12-30 12:00:00,0
38,2015-12-30 15:00:00,0
38,2015-12-30 18:00:00,0
38,2015-12-30 21:00:00,0
38,2015-12-31 00:00:00,0
38,2015-12-31 03:00:00,0
38,2015-12-31 06:00:00,0
38,2015-12-31 09:00:00,0
38,2015-12-31 12:00:00,0
38,2015-12-31 15:00:00,0
38,2015-12-31 18:00:00,0
38,2015-12-31 21:00:00,0
38,2016-01-01 00:00:00,0
38,2016-01-01 03:00:00,0
38,2016-01-01 06:00:00,0
39,2015-12-29 06:00:00,0
39,2015-12-29 09:00:00,0
39,2015-12-29 12:00:00,0
39,2015-12-29 15:00:00,1
39,2015-12-29 18:00:00,0
39,2015-12-29 21:00:00,0
39,2015-12-30 00:00:00,0
39,2015-12-30 03:00:00,0
39,2015-12-30 06:00:00,0
39,2015-12-30 09:00:00,0
39,2015-12-30 12:00:00,0
39,2015-12-30 15:00:00,0
39,2015-12-30 18:00:00,0
39,2015-12-30 21:00:00,0
39,2015-12-31 00:00:00,1
39,2015-12-31 03:00:00,0
39,2015-12-31 06:00:00,0
39,2015-12-31 09:00:00,0
39,2015-12-31 12:00:00,0
39,2015-12-31 15:00:00,0
39,2015-12-31 18:00:00,0
39,2015-12-31 21:00:00,0
39,2016-01-01 00:00:00,0
39,2016-01-01 03:00:00,0
39,2016-01-01 06:00:00,0
40,2015-12-29 06:00:00,0
40,2015-12-29 09:00:00,0
40,2015-12-29 12:00:00,0
40,2015-12-29 15:00:00,0
40,2015-12-29 18:00:00,0
40,2015-12-29 21:00:00,0
40,2015-12-30 00:00:00,0
40,2015-12-30 03:00:00,0
40,2015-12-30 06:00:00,0
40,2015-12-30 09:00:00,0
40,2015-12-30 12:00:00,0
40,2015-12-30 15:00:00,0
40,2015-12-30 18:00:00,0
40,2015-12-30 21:00:00,1
40,2015-12-31 00:00:00,0
40,2015-12-31 03:00:00,0
40,2015-12-31 06:00:00,0
40,2015-12-31 09:00:00,0
40,2015-12-31 12:00:00,0
40,2015-12-31 15:00:00,0
40,2015-12-31 18:00:00,0
40,2015-12-31 21:00:00,0
40,2016-01-01 00:00:00,0
40,2016-01-01 03:00:00,0
40,2016-01-01 06:00:00,0
41,2015-12-29 06:00:00,0
41,2015-12-29 09:00:00,0
41,2015-12-29 12:00:00,0
41,2015-12-29 15:00:00,0
41,2015-12-29 18:00:00,0
41,2015-12-29 21:00:00,0
41,2015-12-30 00:00:00,0
41,2015-12-30 03:00:00,0
41,2015-12-30 06:00:00,0
41,2015-12-30 09:00:00,0
41,2015-12-30 12:00:00,0
41,2015-12-30 15:00:00,0
41,2015-12-30 18:00:00,0
41,2015-12-30 21:00:00,0
41,2015-12-31 00:00:00,0
41,2015-12-31 03:00:00,0
41,2015-12-31 06:00:00,0
41,2015-12-31 09:00:00,0
41,2015-12-31 12:00:00,0
41,2015-12-31 15:00:00,0
41,2015-12-31 18:00:00,0
41,2015-12-31 21:00:00,0
41,2016-01-01 00:00:00,0
41,2016-01-01 03:00:00,0
41,2016-01-01 06:00:00,0
42,2015-12-29 06:00:00,0
42,2015-12-29 09:00:00,0
42,2015-12-29 12:00:00,0
42,2015-12-29 15:00:00,0
42,2015-12-29 18:00:00,0
42,2015-12-29 21:00:00,0
42,2015-12-30 00:00:00,1
42,2015-12-30 03:00:00,0
42,2015-12-30 06:00:00,0
42,2015-12-30 09:00:00,0
42,2015-12-30 12:00:00,0
42,2015-12-30 15:00:00,0
42,2015-12-30 18:00:00,0
42,2015-12-30 21:00:00,0
42,2015-12-31 00:00:00,0
42,2015-12-31 03:00:00,0
42,2015-12-31 06:00:00,0
42,2015-12-31 09:00:00,0
42,2015-12-31 12:00:00,0
42,2015-12-31 15:00:00,0
42,2015-12-31 18:00:00,0
42,2015-12-31 21:00:00,1
42,2016-01-01 00:00:00,0
42,2016-01-01 03:00:00,0
42,2016-01-01 06:00:00,1
43,2015-12-29 06:00:00,0
43,2015-12-29 09:00:00,0
43,2015-12-29 12:00:00,0
43,2015-12-29 15:00:00,0
43,2015-12-29 18:00:00,0
43,2015-12-29 21:00:00,0
43,2015-12-30 00:00:00,0
43,2015-12-30 03:00:00,0
43,2015-12-30 06:00:00,0
43,2015-12-30 09:00:00,0
43,2015-12-30 12:00:00,1
43,2015-12-30 15:00:00,0
43,2015-12-30 18:00:00,0
43,2015-12-30 21:00:00,0
43,2015-12-31 00:00:00,0
43,2015-12-31 03:00:00,0
43,2015-12-31 06:00:00,0
43,2015-12-31 09:00:00,0
43,2015-12-31 12:00:00,0
43,2015-12-31 15:00:00,0
43,2015-12-31 18:00:00,0
43,2015-12-31 21:00:00,0
43,2016-01-01 00:00:00,0
43,2016-01-01 03:00:00,0
43,2016-01-01 06:00:00,0
44,2015-12-29 06:00:00,0
44,2015-12-29 09:00:00,0
44,2015-12-29 12:00:00,0
44,2015-12-29 15:00:00,0
44,2015-12-29 18:00:00,0
44,2015-12-29 21:00:00,0
44,2015-12-30 00:00:00,0
44,2015-12-30 03:00:00,0
44,2015-12-30 06:00:00,0
44,2015-12-30 09:00:00,0
44,2015-12-30 12:00:00,0
44,2015-12-30 15:00:00,0
44,2015-12-30 18:00:00,0
44,2015-12-30 21:00:00,0
44,2015-12-31 00:00:00,0
44,2015-12-31 03:00:00,1
44,2015-12-31 06:00:00,1
44,2015-12-31 09:00:00,1
44,2015-12-31 12:00:00,1
44,2015-12-31 15:00:00,1
44,2015-12-31 18:00:00,1
44,2015-12-31 21:00:00,1
44,2016-01-01 00:00:00,1
44,2016-01-01 03:00:00,1
44,2016-01-01 06:00:00,1
45,2015-12-29 06:00:00,0
45,2015-12-29 09:00:00,0
45,2015-12-29 12:00:00,0
45,2015-12-29 15:00:00,0
45,2015-12-29 18:00:00,0
45,2015-12-29 21:00:00,0
45,2015-12-30 00:00:00,0
45,2015-12-30 03:00:00,0
45,2015-12-30 06:00:00,0
45,2015-12-30 09:00:00,0
45,2015-12-30 12:00:00,0
45,2015-12-30 15:00:00,0
45,2015-12-30 18:00:00,0
45,2015-12-30 21:00:00,0
45,2015-12-31 00:00:00,0
45,2015-12-31 03:00:00,0
45,2015-12-31 06:00:00,0
45,2015-12-31 09:00:00,0
45,2015-12-31 12:00:00,0
45,2015-12-31 15:00:00,0
45,2015-12-31 18:00:00,1
45,2015-12-31 21:00:00,0
45,2016-01-01 00:00:00,0
45,2016-01-01 03:00:00,0
45,2016-01-01 06:00:00,1
46,2015-12-29 06:00:00,0
46,2015-12-29 09:00:00,0
46,2015-12-29 12:00:00,0
46,2015-12-29 15:00:00,0
46,2015-12-29 18:00:00,0
46,2015-12-29 21:00:00,0
46,2015-12-30 00:00:00,0
46,2015-12-30 03:00:00,0
46,2015-12-30 06:00:00,0
46,2015-12-30 09:00:00,0
46,2015-12-30 12:00:00,0
46,2015-12-30 15:00:00,0
46,2015-12-30 18:00:00,1
46,2015-12-30 21:00:00,0
46,2015-12-31 00:00:00,0
46,2015-12-31 03:00:00,0
46,2015-12-31 06:00:00,0
46,2015-12-31 09:00:00,0
46,2015-12-31 12:00:00,0
46,2015-12-31 15:00:00,0
46,2015-12-31 18:00:00,0
46,2015-12-31 21:00:00,0
46,2016-01-01 00:00:00,0
46,2016-01-01 03:00:00,0
46,2016-01-01 06:00:00,1
47,2015-12-29 06:00:00,0
47,2015-12-29 09:00:00,0
47,2015-12-29 12:00:00,0
47,2015-12-29 15:00:00,0
47,2015-12-29 18:00:00,0
47,2015-12-29 21:00:00,1
47,2015-12-30 00:00:00,0
47,2015-12-30 03:00:00,0
47,2015-12-30 06:00:00,0
47,2015-12-30 09:00:00,0
47,2015-12-30 12:00:00,0
47,2015-12-30 15:00:00,0
47,2015-12-30 18:00:00,0
47,2015-12-30 21:00:00,0
47,2015-12-31 00:00:00,0
47,2015-12-31 03:00:00,0
47,2015-12-31 06:00:00,0
47,2015-12-31 09:00:00,0
47,2015-12-31 12:00:00,1
47,2015-12-31 15:00:00,0
47,2015-12-31 18:00:00,0
47,2015-12-31 21:00:00,0
47,2016-01-01 00:00:00,0
47,2016-01-01 03:00:00,0
47,2016-01-01 06:00:00,0
48,2015-12-29 06:00:00,0
48,2015-12-29 09:00:00,0
48,2015-12-29 12:00:00,0
48,2015-12-29 15:00:00,0
48,2015-12-29 18:00:00,0
48,2015-12-29 21:00:00,0
48,2015-12-30 00:00:00,0
48,2015-12-30 03:00:00,0
48,2015-12-30 06:00:00,0
48,2015-12-30 09:00:00,0
48,2015-12-30 12:00:00,0
48,2015-12-30 15:00:00,0
48,2015-12-30 18:00:00,0
48,2015-12-30 21:00:00,0
48,2015-12-31 00:00:00,0
48,2015-12-31 03:00:00,0
48,2015-12-31 06:00:00,0
48,2015-12-31 09:00:00,0
48,2015-12-31 12:00:00,0
48,2015-12-31 15:00:00,0
48,2015-12-31 18:00:00,1
48,2015-12-31 21:00:00,0
48,2016-01-01 00:00:00,0
48,2016-01-01 03:00:00,0
48,2016-01-01 06:00:00,0
49,2015-12-29 06:00:00,0
49,2015-12-29 09:00:00,0
49,2015-12-29 12:00:00,0
49,2015-12-29 15:00:00,0
49,2015-12-29 18:00:00,0
49,2015-12-29 21:00:00,0
49,2015-12-30 00:00:00,0
49,2015-12-30 03:00:00,0
49,2015-12-30 06:00:00,0
49,2015-12-30 09:00:00,0
49,2015-12-30 12:00:00,0
49,2015-12-30 15:00:00,0
49,2015-12-30 18:00:00,0
49,2015-12-30 21:00:00,1
49,2015-12-31 00:00:00,0
49,2015-12-31 03:00:00,0
49,2015-12-31 06:00:00,0
49,2015-12-31 09:00:00,1
49,2015-12-31 12:00:00,0
49,2015-12-31 15:00:00,0
49,2015-12-31 18:00:00,0
49,2015-12-31 21:00:00,0
49,2016-01-01 00:00:00,0
49,2016-01-01 03:00:00,0
49,2016-01-01 06:00:00,0
50,2015-12-29 06:00:00,0
50,2015-12-29 09:00:00,0
50,2015-12-29 12:00:00,0
50,2015-12-29 15:00:00,0
50,2015-12-29 18:00:00,0
50,2015-12-29 21:00:00,0
50,2015-12-30 00:00:00,0
50,2015-12-30 03:00:00,0
50,2015-12-30 06:00:00,1
50,2015-12-30 09:00:00,0
50,2015-12-30 12:00:00,0
50,2015-12-30 15:00:00,0
50,2015-12-30 18:00:00,0
50,2015-12-30 21:00:00,0
50,2015-12-31 00:00:00,0
50,2015-12-31 03:00:00,0
50,2015-12-31 06:00:00,0
50,2015-12-31 09:00:00,0
50,2015-12-31 12:00:00,0
50,2015-12-31 15:00:00,0
50,2015-12-31 18:00:00,1
50,2015-12-31 21:00:00,0
50,2016-01-01 00:00:00,1
50,2016-01-01 03:00:00,1
50,2016-01-01 06:00:00,0
51,2015-12-29 06:00:00,1
51,2015-12-29 09:00:00,0
51,2015-12-29 12:00:00,0
51,2015-12-29 15:00:00,0
51,2015-12-29 18:00:00,0
51,2015-12-29 21:00:00,0
51,2015-12-30 00:00:00,0
51,2015-12-30 03:00:00,0
51,2015-12-30 06:00:00,0
51,2015-12-30 09:00:00,0
51,2015-12-30 12:00:00,0
51,2015-12-30 15:00:00,0
51,2015-12-30 18:00:00,0
51,2015-12-30 21:00:00,0
51,2015-12-31 00:00:00,0
51,2015-12-31 03:00:00,0
51,2015-12-31 06:00:00,0
51,2015-12-31 09:00:00,0
51,2015-12-31 12:00:00,0
51,2015-12-31 15:00:00,0
51,2015-12-31 18:00:00,0
51,2015-12-31 21:00:00,0
51,2016-01-01 00:00:00,0
51,2016-01-01 03:00:00,0
51,2016-01-01 06:00:00,0
52,2015-12-29 06:00:00,1
52,2015-12-29 09:00:00,1
52,2015-12-29 12:00:00,1
52,2015-12-29 15:00:00,1
52,2015-12-29 18:00:00,1
52,2015-12-29 21:00:00,1
52,2015-12-30 00:00:00,1
52,2015-12-30 03:00:00,1
52,2015-12-30 06:00:00,0
52,2015-12-30 09:00:00,0
52,2015-12-30 12:00:00,0
52,2015-12-30 15:00:00,0
52,2015-12-30 18:00:00,0
52,2015-12-30 21:00:00,0
52,2015-12-31 00:00:00,0
52,2015-12-31 03:00:00,0
52,2015-12-31 06:00:00,0
52,2015-12-31 09:00:00,0
52,2015-12-31 12:00:00,0
52,2015-12-31 15:00:00,0
52,2015-12-31 18:00:00,0
52,2015-12-31 21:00:00,0
52,2016-01-01 00:00:00,1
52,2016-01-01 03:00:00,0
52,2016-01-01 06:00:00,0
53,2015-12-29 06:00:00,0
53,2015-12-29 09:00:00,0
53,2015-12-29 12:00:00,0
53,2015-12-29 15:00:00,0
53,2015-12-29 18:00:00,0
53,2015-12-29 21:00:00,1
53,2015-12-30 00:00:00,0
53,2015-12-30 03:00:00,0
53,2015-12-30 06:00:00,0
53,2015-12-30 09:00:00,0
53,2015-12-30 12:00:00,0
53,2015-12-30 15:00:00,0
53,2015-12-30 18:00:00,0
53,2015-12-30 21:00:00,0
53,2015-12-31 00:00:00,0
53,2015-12-31 03:00:00,0
53,2015-12-31 06:00:00,0
53,2015-12-31 09:00:00,0
53,2015-12-31 12:00:00,0
53,2015-12-31 15:00:00,0
53,2015-12-31 18:00:00,0
53,2015-12-31 21:00:00,0
53,2016-01-01 00:00:00,0
53,2016-01-01 03:00:00,0
53,2016-01-01 06:00:00,0
54,2015-12-29 06:00:00,0
54,2015-12-29 09:00:00,0
54,2015-12-29 12:00:00,0
54,2015-12-29 15:00:00,0
54,2015-12-29 18:00:00,0
54,2015-12-29 21:00:00,0
54,2015-12-30 00:00:00,0
54,2015-12-30 03:00:00,0
54,2015-12-30 06:00:00,0
54,2015-12-30 09:00:00,0
54,2015-12-30 12:00:00,0
54,2015-12-30 15:00:00,0
54,2015-12-30 18:00:00,0
54,2015-12-30 21:00:00,0
54,2015-12-31 00:00:00,0
54,2015-12-31 03:00:00,0
54,2015-12-31 06:00:00,0
54,2015-12-31 09:00:00,0
54,2015-12-31 12:00:00,0
54,2015-12-31 15:00:00,0
54,2015-12-31 18:00:00,0
54,2015-12-31 21:00:00,0
54,2016-01-01 00:00:00,0
54,2016-01-01 03:00:00,0
54,2016-01-01 06:00:00,0
55,2015-12-29 06:00:00,0
55,2015-12-29 09:00:00,1
55,2015-12-29 12:00:00,0
55,2015-12-29 15:00:00,0
55,2015-12-29 18:00:00,0
55,2015-12-29 21:00:00,0
55,2015-12-30 00:00:00,0
55,2015-12-30 03:00:00,0
55,2015-12-30 06:00:00,0
55,2015-12-30 09:00:00,0
55,2015-12-30 12:00:00,0
55,2015-12-30 15:00:00,0
55,2015-12-30 18:00:00,0
55,2015-12-30 21:00:00,0
55,2015-12-31 00:00:00,1
55,2015-12-31 03:00:00,0
55,2015-12-31 06:00:00,0
55,2015-12-31 09:00:00,0
55,2015-12-31 12:00:00,0
55,2015-12-31 15:00:00,0
55,2015-12-31 18:00:00,0
55,2015-12-31 21:00:00,0
55,2016-01-01 00:00:00,0
55,2016-01-01 03:00:00,0
55,2016-01-01 06:00:00,0
56,2015-12-29 06:00:00,0
56,2015-12-29 09:00:00,0
56,2015-12-29 12:00:00,0
56,2015-12-29 15:00:00,0
56,2015-12-29 18:00:00,0
56,2015-12-29 21:00:00,0
56,2015-12-30 00:00:00,0
56,2015-12-30 03:00:00,0
56,2015-12-30 06:00:00,0
56,2015-12-30 09:00:00,1
56,2015-12-30 12:00:00,0
56,2015-12-30 15:00:00,0
56,2015-12-30 18:00:00,0
56,2015-12-30 21:00:00,0
56,2015-12-31 00:00:00,0
56,2015-12-31 03:00:00,0
56,2015-12-31 06:00:00,0
56,2015-12-31 09:00:00,0
56,2015-12-31 12:00:00,0
56,2015-12-31 15:00:00,0
56,2015-12-31 18:00:00,0
56,2015-12-31 21:00:00,0
56,2016-01-01 00:00:00,1
56,2016-01-01 03:00:00,0
56,2016-01-01 06:00:00,0
57,2015-12-29 06:00:00,0
57,2015-12-29 09:00:00,0
57,2015-12-29 12:00:00,0
57,2015-12-29 15:00:00,0
57,2015-12-29 18:00:00,0
57,2015-12-29 21:00:00,0
57,2015-12-30 00:00:00,1
57,2015-12-30 03:00:00,0
57,2015-12-30 06:00:00,0
57,2015-12-30 09:00:00,0
57,2015-12-30 12:00:00,0
57,2015-12-30 15:00:00,0
57,2015-12-30 18:00:00,0
57,2015-12-30 21:00:00,0
57,2015-12-31 00:00:00,0
57,2015-12-31 03:00:00,1
57,2015-12-31 06:00:00,0
57,2015-12-31 09:00:00,1
57,2015-12-31 12:00:00,0
57,2015-12-31 15:00:00,1
57,2015-12-31 18:00:00,1
57,2015-12-31 21:00:00,1
57,2016-01-01 00:00:00,1
57,2016-01-01 03:00:00,1
57,2016-01-01 06:00:00,0
58,2015-12-29 06:00:00,0
58,2015-12-29 09:00:00,0
58,2015-12-29 12:00:00,0
58,2015-12-29 15:00:00,0
58,2015-12-29 18:00:00,0
58,2015-12-29 21:00:00,0
58,2015-12-30 00:00:00,0
58,2015-12-30 03:00:00,0
58,2015-12-30 06:00:00,0
58,2015-12-30 09:00:00,0
58,2015-12-30 12:00:00,0
58,2015-12-30 15:00:00,0
58,2015-12-30 18:00:00,0
58,2015-12-30 21:00:00,0
58,2015-12-31 00:00:00,0
58,2015-12-31 03:00:00,1
58,2015-12-31 06:00:00,0
58,2015-12-31 09:00:00,0
58,2015-12-31 12:00:00,1
58,2015-12-31 15:00:00,1
58,2015-12-31 18:00:00,0
58,2015-12-31 21:00:00,1
58,2016-01-01 00:00:00,1
58,2016-01-01 03:00:00,1
58,2016-01-01 06:00:00,1
59,2015-12-29 06:00:00,0
59,2015-12-29 09:00:00,0
59,2015-12-29 12:00:00,0
59,2015-12-29 15:00:00,0
59,2015-12-29 18:00:00,0
59,2015-12-29 21:00:00,0
59,2015-12-30 00:00:00,1
59,2015-12-30 03:00:00,0
59,2015-12-30 06:00:00,1
59,2015-12-30 09:00:00,0
59,2015-12-30 12:00:00,0
59,2015-12-30 15:00:00,0
59,2015-12-30 18:00:00,0
59,2015-12-30 21:00:00,0
59,2015-12-31 00:00:00,0
59,2015-12-31 03:00:00,0
59,2015-12-31 06:00:00,0
59,2015-12-31 09:00:00,0
59,2015-12-31 12:00:00,0
59,2015-12-31 15:00:00,0
59,2015-12-31 18:00:00,0
59,2015-12-31 21:00:00,0
59,2016-01-01 00:00:00,0
59,2016-01-01 03:00:00,0
59,2016-01-01 06:00:00,0
60,2015-12-29 06:00:00,0
60,2015-12-29 09:00:00,0
60,2015-12-29 12:00:00,0
60,2015-12-29 15:00:00,0
60,2015-12-29 18:00:00,0
60,2015-12-29 21:00:00,1
60,2015-12-30 00:00:00,0
60,2015-12-30 03:00:00,0
60,2015-12-30 06:00:00,0
60,2015-12-30 09:00:00,0
60,2015-12-30 12:00:00,0
60,2015-12-30 15:00:00,0
60,2015-12-30 18:00:00,0
60,2015-12-30 21:00:00,0
60,2015-12-31 00:00:00,0
60,2015-12-31 03:00:00,0
60,2015-12-31 06:00:00,0
60,2015-12-31 09:00:00,0
60,2015-12-31 12:00:00,0
60,2015-12-31 15:00:00,0
60,2015-12-31 18:00:00,0
60,2015-12-31 21:00:00,0
60,2016-01-01 00:00:00,0
60,2016-01-01 03:00:00,0
60,2016-01-01 06:00:00,0
61,2015-12-29 06:00:00,0
61,2015-12-29 09:00:00,0
61,2015-12-29 12:00:00,0
61,2015-12-29 15:00:00,0
61,2015-12-29 18:00:00,0
61,2015-12-29 21:00:00,0
61,2015-12-30 00:00:00,1
61,2015-12-30 03:00:00,1
61,2015-12-30 06:00:00,0
61,2015-12-30 09:00:00,0
61,2015-12-30 12:00:00,0
61,2015-12-30 15:00:00,0
61,2015-12-30 18:00:00,0
61,2015-12-30 21:00:00,1
61,2015-12-31 00:00:00,0
61,2015-12-31 03:00:00,0
61,2015-12-31 06:00:00,0
61,2015-12-31 09:00:00,0
61,2015-12-31 12:00:00,0
61,2015-12-31 15:00:00,0
61,2015-12-31 18:00:00,0
61,2015-12-31 21:00:00,0
61,2016-01-01 00:00:00,0
61,2016-01-01 03:00:00,0
61,2016-01-01 06:00:00,0
62,2015-12-29 06:00:00,0
62,2015-12-29 09:00:00,1
62,2015-12-29 12:00:00,0
62,2015-12-29 15:00:00,0
62,2015-12-29 18:00:00,0
62,2015-12-29 21:00:00,0
62,2015-12-30 00:00:00,0
62,2015-12-30 03:00:00,1
62,2015-12-30 06:00:00,0
62,2015-12-30 09:00:00,0
62,2015-12-30 12:00:00,0
62,2015-12-30 15:00:00,1
62,2015-12-30 18:00:00,0
62,2015-12-30 21:00:00,0
62,2015-12-31 00:00:00,0
62,2015-12-31 03:00:00,0
62,2015-12-31 06:00:00,0
62,2015-12-31 09:00:00,0
62,2015-12-31 12:00:00,0
62,2015-12-31 15:00:00,0
62,2015-12-31 18:00:00,0
62,2015-12-31 21:00:00,0
62,2016-01-01 00:00:00,0
62,2016-01-01 03:00:00,0
62,2016-01-01 06:00:00,0
63,2015-12-29 06:00:00,0
63,2015-12-29 09:00:00,0
63,2015-12-29 12:00:00,0
63,2015-12-29 15:00:00,0
63,2015-12-29 18:00:00,0
63,2015-12-29 21:00:00,0
63,2015-12-30 00:00:00,1
63,2015-12-30 03:00:00,1
63,2015-12-30 06:00:00,0
63,2015-12-30 09:00:00,1
63,2015-12-30 12:00:00,0
63,2015-12-30 15:00:00,1
63,2015-12-30 18:00:00,1
63,2015-12-30 21:00:00,1
63,2015-12-31 00:00:00,1
63,2015-12-31 03:00:00,1
63,2015-12-31 06:00:00,1
63,2015-12-31 09:00:00,1
63,2015-12-31 12:00:00,1
63,2015-12-31 15:00:00,1
63,2015-12-31 18:00:00,1
63,2015-12-31 21:00:00,1
63,2016-01-01 00:00:00,0
63,2016-01-01 03:00:00,0
63,2016-01-01 06:00:00,0
64,2015-12-29 06:00:00,1
64,2015-12-29 09:00:00,1
64,2015-12-29 12:00:00,1
64,2015-12-29 15:00:00,0
64,2015-12-29 18:00:00,1
64,2015-12-29 21:00:00,0
64,2015-12-30 00:00:00,0
64,2015-12-30 03:00:00,0
64,2015-12-30 06:00:00,1
64,2015-12-30 09:00:00,1
64,2015-12-30 12:00:00,0
64,2015-12-30 15:00:00,1
64,2015-12-30 18:00:00,1
64,2015-12-30 21:00:00,1
64,2015-12-31 00:00:00,0
64,2015-12-31 03:00:00,0
64,2015-12-31 06:00:00,0
64,2015-12-31 09:00:00,0
64,2015-12-31 12:00:00,0
64,2015-12-31 15:00:00,0
64,2015-12-31 18:00:00,0
64,2015-12-31 21:00:00,0
64,2016-01-01 00:00:00,0
64,2016-01-01 03:00:00,0
64,2016-01-01 06:00:00,0
65,2015-12-29 06:00:00,0
65,2015-12-29 09:00:00,0
65,2015-12-29 12:00:00,0
65,2015-12-29 15:00:00,0
65,2015-12-29 18:00:00,0
65,2015-12-29 21:00:00,0
65,2015-12-30 00:00:00,0
65,2015-12-30 03:00:00,0
65,2015-12-30 06:00:00,0
65,2015-12-30 09:00:00,0
65,2015-12-30 12:00:00,1
65,2015-12-30 15:00:00,0
65,2015-12-30 18:00:00,0
65,2015-12-30 21:00:00,0
65,2015-12-31 00:00:00,0
65,2015-12-31 03:00:00,0
65,2015-12-31 06:00:00,0
65,2015-12-31 09:00:00,0
65,2015-12-31 12:00:00,0
65,2015-12-31 15:00:00,0
65,2015-12-31 18:00:00,0
65,2015-12-31 21:00:00,0
65,2016-01-01 00:00:00,0
65,2016-01-01 03:00:00,0
65,2016-01-01 06:00:00,0
66,2015-12-29 06:00:00,0
66,2015-12-29 09:00:00,0
66,2015-12-29 12:00:00,0
66,2015-12-29 15:00:00,0
66,2015-12-29 18:00:00,0
66,2015-12-29 21:00:00,0
66,2015-12-30 00:00:00,0
66,2015-12-30 03:00:00,0
66,2015-12-30 06:00:00,0
66,2015-12-30 09:00:00,0
66,2015-12-30 12:00:00,0
66,2015-12-30 15:00:00,0
66,2015-12-30 18:00:00,1
66,2015-12-30 21:00:00,0
66,2015-12-31 00:00:00,0
66,2015-12-31 03:00:00,0
66,2015-12-31 06:00:00,0
66,2015-12-31 09:00:00,0
66,2015-12-31 12:00:00,0
66,2015-12-31 15:00:00,0
66,2015-12-31 18:00:00,0
66,2015-12-31 21:00:00,0
66,2016-01-01 00:00:00,0
66,2016-01-01 03:00:00,0
66,2016-01-01 06:00:00,0
67,2015-12-29 06:00:00,0
67,2015-12-29 09:00:00,0
67,2015-12-29 12:00:00,0
67,2015-12-29 15:00:00,0
67,2015-12-29 18:00:00,0
67,2015-12-29 21:00:00,1
67,2015-12-30 00:00:00,0
67,2015-12-30 03:00:00,0
67,2015-12-30 06:00:00,0
67,2015-12-30 09:00:00,0
67,2015-12-30 12:00:00,0
67,2015-12-30 15:00:00,1
67,2015-12-30 18:00:00,0
67,2015-12-30 21:00:00,0
67,2015-12-31 00:00:00,0
67,2015-12-31 03:00:00,0
67,2015-12-31 06:00:00,0
67,2015-12-31 09:00:00,0
67,2015-12-31 12:00:00,0
67,2015-12-31 15:00:00,1
67,2015-12-31 18:00:00,1
67,2015-12-31 21:00:00,1
67,2016-01-01 00:00:00,1
67,2016-01-01 03:00:00,1
67,2016-01-01 06:00:00,1
68,2015-12-29 06:00:00,0
68,2015-12-29 09:00:00,0
68,2015-12-29 12:00:00,0
68,2015-12-29 15:00:00,0
68,2015-12-29 18:00:00,0
68,2015-12-29 21:00:00,0
68,2015-12-30 00:00:00,0
68,2015-12-30 03:00:00,0
68,2015-12-30 06:00:00,0
68,2015-12-30 09:00:00,0
68,2015-12-30 12:00:00,1
68,2015-12-30 15:00:00,0
68,2015-12-30 18:00:00,0
68,2015-12-30 21:00:00,0
68,2015-12-31 00:00:00,0
68,2015-12-31 03:00:00,0
68,2015-12-31 06:00:00,0
68,2015-12-31 09:00:00,0
68,2015-12-31 12:00:00,0
68,2015-12-31 15:00:00,0
68,2015-12-31 18:00:00,0
68,2015-12-31 21:00:00,0
68,2016-01-01 00:00:00,0
68,2016-01-01 03:00:00,0
68,2016-01-01 06:00:00,1
69,2015-12-29 06:00:00,0
69,2015-12-29 09:00:00,0
69,2015-12-29 12:00:00,0
69,2015-12-29 15:00:00,0
69,2015-12-29 18:00:00,0
69,2015-12-29 21:00:00,0
69,2015-12-30 00:00:00,0
69,2015-12-30 03:00:00,0
69,2015-12-30 06:00:00,0
69,2015-12-30 09:00:00,1
69,2015-12-30 12:00:00,0
69,2015-12-30 15:00:00,0
69,2015-12-30 18:00:00,0
69,2015-12-30 21:00:00,0
69,2015-12-31 00:00:00,0
69,2015-12-31 03:00:00,0
69,2015-12-31 06:00:00,0
69,2015-12-31 09:00:00,0
69,2015-12-31 12:00:00,0
69,2015-12-31 15:00:00,0
69,2015-12-31 18:00:00,0
69,2015-12-31 21:00:00,0
69,2016-01-01 00:00:00,0
69,2016-01-01 03:00:00,0
69,2016-01-01 06:00:00,0
70,2015-12-29 06:00:00,0
70,2015-12-29 09:00:00,0
70,2015-12-29 12:00:00,0
70,2015-12-29 15:00:00,0
70,2015-12-29 18:00:00,0
70,2015-12-29 21:00:00,0
70,2015-12-30 00:00:00,0
70,2015-12-30 03:00:00,0
70,2015-12-30 06:00:00,0
70,2015-12-30 09:00:00,0
70,2015-12-30 12:00:00,0
70,2015-12-30 15:00:00,0
70,2015-12-30 18:00:00,0
70,2015-12-30 21:00:00,1
70,2015-12-31 00:00:00,0
70,2015-12-31 03:00:00,0
70,2015-12-31 06:00:00,0
70,2015-12-31 09:00:00,0
70,2015-12-31 12:00:00,0
70,2015-12-31 15:00:00,0
70,2015-12-31 18:00:00,0
70,2015-12-31 21:00:00,0
70,2016-01-01 00:00:00,0
70,2016-01-01 03:00:00,0
70,2016-01-01 06:00:00,1
71,2015-12-29 06:00:00,1
71,2015-12-29 09:00:00,0
71,2015-12-29 12:00:00,0
71,2015-12-29 15:00:00,0
71,2015-12-29 18:00:00,0
71,2015-12-29 21:00:00,1
71,2015-12-30 00:00:00,0
71,2015-12-30 03:00:00,0
71,2015-12-30 06:00:00,0
71,2015-12-30 09:00:00,0
71,2015-12-30 12:00:00,0
71,2015-12-30 15:00:00,1
71,2015-12-30 18:00:00,1
71,2015-12-30 21:00:00,1
71,2015-12-31 00:00:00,1
71,2015-12-31 03:00:00,1
71,2015-12-31 06:00:00,0
71,2015-12-31 09:00:00,1
71,2015-12-31 12:00:00,1
71,2015-12-31 15:00:00,1
71,2015-12-31 18:00:00,0
71,2015-12-31 21:00:00,1
71,2016-01-01 00:00:00,1
71,2016-01-01 03:00:00,0
71,2016-01-01 06:00:00,1
72,2015-12-29 06:00:00,0
72,2015-12-29 09:00:00,0
72,2015-12-29 12:00:00,0
72,2015-12-29 15:00:00,0
72,2015-12-29 18:00:00,0
72,2015-12-29 21:00:00,0
72,2015-12-30 00:00:00,0
72,2015-12-30 03:00:00,0
72,2015-12-30 06:00:00,0
72,2015-12-30 09:00:00,0
72,2015-12-30 12:00:00,0
72,2015-12-30 15:00:00,0
72,2015-12-30 18:00:00,0
72,2015-12-30 21:00:00,0
72,2015-12-31 00:00:00,1
72,2015-12-31 03:00:00,1
72,2015-12-31 06:00:00,1
72,2015-12-31 09:00:00,0
72,2015-12-31 12:00:00,0
72,2015-12-31 15:00:00,1
72,2015-12-31 18:00:00,0
72,2015-12-31 21:00:00,1
72,2016-01-01 00:00:00,0
72,2016-01-01 03:00:00,1
72,2016-01-01 06:00:00,1
73,2015-12-29 06:00:00,1
73,2015-12-29 09:00:00,1
73,2015-12-29 12:00:00,1
73,2015-12-29 15:00:00,1
73,2015-12-29 18:00:00,1
73,2015-12-29 21:00:00,1
73,2015-12-30 00:00:00,0
73,2015-12-30 03:00:00,0
73,2015-12-30 06:00:00,0
73,2015-12-30 09:00:00,0
73,2015-12-30 12:00:00,0
73,2015-12-30 15:00:00,0
73,2015-12-30 18:00:00,0
73,2015-12-30 21:00:00,0
73,2015-12-31 00:00:00,0
73,2015-12-31 03:00:00,0
73,2015-12-31 06:00:00,0
73,2015-12-31 09:00:00,0
73,2015-12-31 12:00:00,0
73,2015-12-31 15:00:00,0
73,2015-12-31 18:00:00,0
73,2015-12-31 21:00:00,0
73,2016-01-01 00:00:00,0
73,2016-01-01 03:00:00,0
73,2016-01-01 06:00:00,1
74,2015-12-29 06:00:00,0
74,2015-12-29 09:00:00,0
74,2015-12-29 12:00:00,0
74,2015-12-29 15:00:00,0
74,2015-12-29 18:00:00,0
74,2015-12-29 21:00:00,0
74,2015-12-30 00:00:00,0
74,2015-12-30 03:00:00,0
74,2015-12-30 06:00:00,0
74,2015-12-30 09:00:00,0
74,2015-12-30 12:00:00,0
74,2015-12-30 15:00:00,0
74,2015-12-30 18:00:00,0
74,2015-12-30 21:00:00,0
74,2015-12-31 00:00:00,0
74,2015-12-31 03:00:00,0
74,2015-12-31 06:00:00,0
74,2015-12-31 09:00:00,0
74,2015-12-31 12:00:00,0
74,2015-12-31 15:00:00,0
74,2015-12-31 18:00:00,0
74,2015-12-31 21:00:00,0
74,2016-01-01 00:00:00,0
74,2016-01-01 03:00:00,0
74,2016-01-01 06:00:00,1
75,2015-12-29 06:00:00,0
75,2015-12-29 09:00:00,0
75,2015-12-29 12:00:00,0
75,2015-12-29 15:00:00,0
75,2015-12-29 18:00:00,0
75,2015-12-29 21:00:00,0
75,2015-12-30 00:00:00,0
75,2015-12-30 03:00:00,0
75,2015-12-30 06:00:00,0
75,2015-12-30 09:00:00,1
75,2015-12-30 12:00:00,0
75,2015-12-30 15:00:00,0
75,2015-12-30 18:00:00,0
75,2015-12-30 21:00:00,0
75,2015-12-31 00:00:00,0
75,2015-12-31 03:00:00,0
75,2015-12-31 06:00:00,0
75,2015-12-31 09:00:00,0
75,2015-12-31 12:00:00,1
75,2015-12-31 15:00:00,0
75,2015-12-31 18:00:00,0
75,2015-12-31 21:00:00,1
75,2016-01-01 00:00:00,0
75,2016-01-01 03:00:00,1
75,2016-01-01 06:00:00,1
76,2015-12-29 06:00:00,0
76,2015-12-29 09:00:00,0
76,2015-12-29 12:00:00,0
76,2015-12-29 15:00:00,0
76,2015-12-29 18:00:00,0
76,2015-12-29 21:00:00,0
76,2015-12-30 00:00:00,0
76,2015-12-30 03:00:00,1
76,2015-12-30 06:00:00,0
76,2015-12-30 09:00:00,0
76,2015-12-30 12:00:00,0
76,2015-12-30 15:00:00,0
76,2015-12-30 18:00:00,0
76,2015-12-30 21:00:00,0
76,2015-12-31 00:00:00,0
76,2015-12-31 03:00:00,0
76,2015-12-31 06:00:00,0
76,2015-12-31 09:00:00,0
76,2015-12-31 12:00:00,0
76,2015-12-31 15:00:00,0
76,2015-12-31 18:00:00,0
76,2015-12-31 21:00:00,0
76,2016-01-01 00:00:00,1
76,2016-01-01 03:00:00,1
76,2016-01-01 06:00:00,1
77,2015-12-29 06:00:00,0
77,2015-12-29 09:00:00,0
77,2015-12-29 12:00:00,0
77,2015-12-29 15:00:00,0
77,2015-12-29 18:00:00,0
77,2015-12-29 21:00:00,0
77,2015-12-30 00:00:00,0
77,2015-12-30 03:00:00,0
77,2015-12-30 06:00:00,0
77,2015-12-30 09:00:00,1
77,2015-12-30 12:00:00,0
77,2015-12-30 15:00:00,0
77,2015-12-30 18:00:00,0
77,2015-12-30 21:00:00,0
77,2015-12-31 00:00:00,0
77,2015-12-31 03:00:00,0
77,2015-12-31 06:00:00,0
77,2015-12-31 09:00:00,0
77,2015-12-31 12:00:00,1
77,2015-12-31 15:00:00,0
77,2015-12-31 18:00:00,0
77,2015-12-31 21:00:00,0
77,2016-01-01 00:00:00,0
77,2016-01-01 03:00:00,0
77,2016-01-01 06:00:00,0
78,2015-12-29 06:00:00,0
78,2015-12-29 09:00:00,0
78,2015-12-29 12:00:00,0
78,2015-12-29 15:00:00,0
78,2015-12-29 18:00:00,0
78,2015-12-29 21:00:00,0
78,2015-12-30 00:00:00,0
78,2015-12-30 03:00:00,0
78,2015-12-30 06:00:00,0
78,2015-12-30 09:00:00,0
78,2015-12-30 12:00:00,1
78,2015-12-30 15:00:00,0
78,2015-12-30 18:00:00,0
78,2015-12-30 21:00:00,0
78,2015-12-31 00:00:00,0
78,2015-12-31 03:00:00,0
78,2015-12-31 06:00:00,1
78,2015-12-31 09:00:00,0
78,2015-12-31 12:00:00,1
78,2015-12-31 15:00:00,0
78,2015-12-31 18:00:00,1
78,2015-12-31 21:00:00,1
78,2016-01-01 00:00:00,1
78,2016-01-01 03:00:00,0
78,2016-01-01 06:00:00,1
79,2015-12-29 06:00:00,0
79,2015-12-29 09:00:00,0
79,2015-12-29 12:00:00,0
79,2015-12-29 15:00:00,0
79,2015-12-29 18:00:00,0
79,2015-12-29 21:00:00,0
79,2015-12-30 00:00:00,0
79,2015-12-30 03:00:00,0
79,2015-12-30 06:00:00,0
79,2015-12-30 09:00:00,0
79,2015-12-30 12:00:00,0
79,2015-12-30 15:00:00,0
79,2015-12-30 18:00:00,0
79,2015-12-30 21:00:00,0
79,2015-12-31 00:00:00,0
79,2015-12-31 03:00:00,0
79,2015-12-31 06:00:00,1
79,2015-12-31 09:00:00,1
79,2015-12-31 12:00:00,1
79,2015-12-31 15:00:00,1
79,2015-12-31 18:00:00,1
79,2015-12-31 21:00:00,1
79,2016-01-01 00:00:00,1
79,2016-01-01 03:00:00,1
79,2016-01-01 06:00:00,1
80,2015-12-29 06:00:00,0
80,2015-12-29 09:00:00,1
80,2015-12-29 12:00:00,0
80,2015-12-29 15:00:00,0
80,2015-12-29 18:00:00,0
80,2015-12-29 21:00:00,0
80,2015-12-30 00:00:00,0
80,2015-12-30 03:00:00,0
80,2015-12-30 06:00:00,0
80,2015-12-30 09:00:00,0
80,2015-12-30 12:00:00,1
80,2015-12-30 15:00:00,0
80,2015-12-30 18:00:00,0
80,2015-12-30 21:00:00,0
80,2015-12-31 00:00:00,0
80,2015-12-31 03:00:00,0
80,2015-12-31 06:00:00,1
80,2015-12-31 09:00:00,1
80,2015-12-31 12:00:00,1
80,2015-12-31 15:00:00,1
80,2015-12-31 18:00:00,1
80,2015-12-31 21:00:00,1
80,2016-01-01 00:00:00,1
80,2016-01-01 03:00:00,1
80,2016-01-01 06:00:00,0
81,2015-12-29 06:00:00,0
81,2015-12-29 09:00:00,0
81,2015-12-29 12:00:00,0
81,2015-12-29 15:00:00,0
81,2015-12-29 18:00:00,0
81,2015-12-29 21:00:00,0
81,2015-12-30 00:00:00,0
81,2015-12-30 03:00:00,0
81,2015-12-30 06:00:00,0
81,2015-12-30 09:00:00,0
81,2015-12-30 12:00:00,0
81,2015-12-30 15:00:00,0
81,2015-12-30 18:00:00,0
81,2015-12-30 21:00:00,0
81,2015-12-31 00:00:00,0
81,2015-12-31 03:00:00,0
81,2015-12-31 06:00:00,0
81,2015-12-31 09:00:00,0
81,2015-12-31 12:00:00,0
81,2015-12-31 15:00:00,0
81,2015-12-31 18:00:00,0
81,2015-12-31 21:00:00,0
81,2016-01-01 00:00:00,0
81,2016-01-01 03:00:00,0
81,2016-01-01 06:00:00,0
82,2015-12-29 06:00:00,0
82,2015-12-29 09:00:00,0
82,2015-12-29 12:00:00,0
82,2015-12-29 15:00:00,0
82,2015-12-29 18:00:00,0
82,2015-12-29 21:00:00,0
82,2015-12-30 00:00:00,0
82,2015-12-30 03:00:00,0
82,2015-12-30 06:00:00,0
82,2015-12-30 09:00:00,0
82,2015-12-30 12:00:00,1
82,2015-12-30 15:00:00,0
82,2015-12-30 18:00:00,0
82,2015-12-30 21:00:00,0
82,2015-12-31 00:00:00,0
82,2015-12-31 03:00:00,0
82,2015-12-31 06:00:00,0
82,2015-12-31 09:00:00,0
82,2015-12-31 12:00:00,0
82,2015-12-31 15:00:00,0
82,2015-12-31 18:00:00,0
82,2015-12-31 21:00:00,0
82,2016-01-01 00:00:00,0
82,2016-01-01 03:00:00,0
82,2016-01-01 06:00:00,1
83,2015-12-29 06:00:00,0
83,2015-12-29 09:00:00,0
83,2015-12-29 12:00:00,1
83,2015-12-29 15:00:00,0
83,2015-12-29 18:00:00,0
83,2015-12-29 21:00:00,0
83,2015-12-30 00:00:00,0
83,2015-12-30 03:00:00,0
83,2015-12-30 06:00:00,0
83,2015-12-30 09:00:00,0
83,2015-12-30 12:00:00,0
83,2015-12-30 15:00:00,0
83,2015-12-30 18:00:00,0
83,2015-12-30 21:00:00,0
83,2015-12-31 00:00:00,0
83,2015-12-31 03:00:00,0
83,2015-12-31 06:00:00,0
83,2015-12-31 09:00:00,0
83,2015-12-31 12:00:00,0
83,2015-12-31 15:00:00,0
83,2015-12-31 18:00:00,0
83,2015-12-31 21:00:00,0
83,2016-01-01 00:00:00,0
83,2016-01-01 03:00:00,0
83,2016-01-01 06:00:00,0
84,2015-12-29 06:00:00,0
84,2015-12-29 09:00:00,0
84,2015-12-29 12:00:00,0
84,2015-12-29 15:00:00,0
84,2015-12-29 18:00:00,0
84,2015-12-29 21:00:00,0
84,2015-12-30 00:00:00,0
84,2015-12-30 03:00:00,0
84,2015-12-30 06:00:00,0
84,2015-12-30 09:00:00,0
84,2015-12-30 12:00:00,0
84,2015-12-30 15:00:00,0
84,2015-12-30 18:00:00,0
84,2015-12-30 21:00:00,0
84,2015-12-31 00:00:00,0
84,2015-12-31 03:00:00,0
84,2015-12-31 06:00:00,0
84,2015-12-31 09:00:00,0
84,2015-12-31 12:00:00,0
84,2015-12-31 15:00:00,0
84,2015-12-31 18:00:00,1
84,2015-12-31 21:00:00,0
84,2016-01-01 00:00:00,0
84,2016-01-01 03:00:00,1
84,2016-01-01 06:00:00,0
85,2015-12-29 06:00:00,0
85,2015-12-29 09:00:00,0
85,2015-12-29 12:00:00,0
85,2015-12-29 15:00:00,0
85,2015-12-29 18:00:00,0
85,2015-12-29 21:00:00,0
85,2015-12-30 00:00:00,0
85,2015-12-30 03:00:00,0
85,2015-12-30 06:00:00,0
85,2015-12-30 09:00:00,1
85,2015-12-30 12:00:00,0
85,2015-12-30 15:00:00,0
85,2015-12-30 18:00:00,1
85,2015-12-30 21:00:00,0
85,2015-12-31 00:00:00,0
85,2015-12-31 03:00:00,1
85,2015-12-31 06:00:00,1
85,2015-12-31 09:00:00,1
85,2015-12-31 12:00:00,1
85,2015-12-31 15:00:00,1
85,2015-12-31 18:00:00,1
85,2015-12-31 21:00:00,1
85,2016-01-01 00:00:00,0
85,2016-01-01 03:00:00,0
85,2016-01-01 06:00:00,1
86,2015-12-29 06:00:00,0
86,2015-12-29 09:00:00,0
86,2015-12-29 12:00:00,0
86,2015-12-29 15:00:00,0
86,2015-12-29 18:00:00,0
86,2015-12-29 21:00:00,1
86,2015-12-30 00:00:00,0
86,2015-12-30 03:00:00,0
86,2015-12-30 06:00:00,0
86,2015-12-30 09:00:00,0
86,2015-12-30 12:00:00,0
86,2015-12-30 15:00:00,0
86,2015-12-30 18:00:00,0
86,2015-12-30 21:00:00,0
86,2015-12-31 00:00:00,0
86,2015-12-31 03:00:00,0
86,2015-12-31 06:00:00,1
86,2015-12-31 09:00:00,0
86,2015-12-31 12:00:00,0
86,2015-12-31 15:00:00,0
86,2015-12-31 18:00:00,0
86,2015-12-31 21:00:00,1
86,2016-01-01 00:00:00,1
86,2016-01-01 03:00:00,1
86,2016-01-01 06:00:00,1
87,2015-12-29 06:00:00,0
87,2015-12-29 09:00:00,0
87,2015-12-29 12:00:00,0
87,2015-12-29 15:00:00,0
87,2015-12-29 18:00:00,1
87,2015-12-29 21:00:00,0
87,2015-12-30 00:00:00,0
87,2015-12-30 03:00:00,0
87,2015-12-30 06:00:00,0
87,2015-12-30 09:00:00,0
87,2015-12-30 12:00:00,0
87,2015-12-30 15:00:00,0
87,2015-12-30 18:00:00,0
87,2015-12-30 21:00:00,0
87,2015-12-31 00:00:00,0
87,2015-12-31 03:00:00,0
87,2015-12-31 06:00:00,0
87,2015-12-31 09:00:00,0
87,2015-12-31 12:00:00,0
87,2015-12-31 15:00:00,0
87,2015-12-31 18:00:00,0
87,2015-12-31 21:00:00,1
87,2016-01-01 00:00:00,0
87,2016-01-01 03:00:00,0
87,2016-01-01 06:00:00,1
88,2015-12-29 06:00:00,1
88,2015-12-29 09:00:00,1
88,2015-12-29 12:00:00,1
88,2015-12-29 15:00:00,1
88,2015-12-29 18:00:00,1
88,2015-12-29 21:00:00,0
88,2015-12-30 00:00:00,0
88,2015-12-30 03:00:00,0
88,2015-12-30 06:00:00,1
88,2015-12-30 09:00:00,0
88,2015-12-30 12:00:00,0
88,2015-12-30 15:00:00,0
88,2015-12-30 18:00:00,0
88,2015-12-30 21:00:00,0
88,2015-12-31 00:00:00,0
88,2015-12-31 03:00:00,0
88,2015-12-31 06:00:00,0
88,2015-12-31 09:00:00,0
88,2015-12-31 12:00:00,0
88,2015-12-31 15:00:00,0
88,2015-12-31 18:00:00,0
88,2015-12-31 21:00:00,0
88,2016-01-01 00:00:00,0
88,2016-01-01 03:00:00,0
88,2016-01-01 06:00:00,0
89,2015-12-29 06:00:00,0
89,2015-12-29 09:00:00,0
89,2015-12-29 12:00:00,0
89,2015-12-29 15:00:00,0
89,2015-12-29 18:00:00,0
89,2015-12-29 21:00:00,0
89,2015-12-30 00:00:00,0
89,2015-12-30 03:00:00,0
89,2015-12-30 06:00:00,0
89,2015-12-30 09:00:00,0
89,2015-12-30 12:00:00,0
89,2015-12-30 15:00:00,0
89,2015-12-30 18:00:00,0
89,2015-12-30 21:00:00,0
89,2015-12-31 00:00:00,0
89,2015-12-31 03:00:00,0
89,2015-12-31 06:00:00,0
89,2015-12-31 09:00:00,0
89,2015-12-31 12:00:00,0
89,2015-12-31 15:00:00,0
89,2015-12-31 18:00:00,0
89,2015-12-31 21:00:00,0
89,2016-01-01 00:00:00,0
89,2016-01-01 03:00:00,0
89,2016-01-01 06:00:00,1
90,2015-12-29 06:00:00,1
90,2015-12-29 09:00:00,1
90,2015-12-29 12:00:00,1
90,2015-12-29 15:00:00,0
90,2015-12-29 18:00:00,1
90,2015-12-29 21:00:00,0
90,2015-12-30 00:00:00,1
90,2015-12-30 03:00:00,1
90,2015-12-30 06:00:00,1
90,2015-12-30 09:00:00,0
90,2015-12-30 12:00:00,0
90,2015-12-30 15:00:00,1
90,2015-12-30 18:00:00,0
90,2015-12-30 21:00:00,0
90,2015-12-31 00:00:00,0
90,2015-12-31 03:00:00,0
90,2015-12-31 06:00:00,0
90,2015-12-31 09:00:00,1
90,2015-12-31 12:00:00,0
90,2015-12-31 15:00:00,0
90,2015-12-31 18:00:00,0
90,2015-12-31 21:00:00,0
90,2016-01-01 00:00:00,0
90,2016-01-01 03:00:00,0
90,2016-01-01 06:00:00,0
91,2015-12-29 06:00:00,0
91,2015-12-29 09:00:00,0
91,2015-12-29 12:00:00,0
91,2015-12-29 15:00:00,0
91,2015-12-29 18:00:00,0
91,2015-12-29 21:00:00,0
91,2015-12-30 00:00:00,0
91,2015-12-30 03:00:00,0
91,2015-12-30 06:00:00,0
91,2015-12-30 09:00:00,0
91,2015-12-30 12:00:00,0
91,2015-12-30 15:00:00,0
91,2015-12-30 18:00:00,0
91,2015-12-30 21:00:00,0
91,2015-12-31 00:00:00,0
91,2015-12-31 03:00:00,0
91,2015-12-31 06:00:00,0
91,2015-12-31 09:00:00,0
91,2015-12-31 12:00:00,0
91,2015-12-31 15:00:00,0
91,2015-12-31 18:00:00,0
91,2015-12-31 21:00:00,0
91,2016-01-01 00:00:00,0
91,2016-01-01 03:00:00,0
91,2016-01-01 06:00:00,0
92,2015-12-29 06:00:00,0
92,2015-12-29 09:00:00,1
92,2015-12-29 12:00:00,0
92,2015-12-29 15:00:00,0
92,2015-12-29 18:00:00,0
92,2015-12-29 21:00:00,0
92,2015-12-30 00:00:00,0
92,2015-12-30 03:00:00,0
92,2015-12-30 06:00:00,0
92,2015-12-30 09:00:00,0
92,2015-12-30 12:00:00,0
92,2015-12-30 15:00:00,0
92,2015-12-30 18:00:00,0
92,2015-12-30 21:00:00,0
92,2015-12-31 00:00:00,0
92,2015-12-31 03:00:00,0
92,2015-12-31 06:00:00,0
92,2015-12-31 09:00:00,0
92,2015-12-31 12:00:00,0
92,2015-12-31 15:00:00,0
92,2015-12-31 18:00:00,0
92,2015-12-31 21:00:00,0
92,2016-01-01 00:00:00,0
92,2016-01-01 03:00:00,0
92,2016-01-01 06:00:00,0
93,2015-12-29 06:00:00,0
93,2015-12-29 09:00:00,0
93,2015-12-29 12:00:00,0
93,2015-12-29 15:00:00,0
93,2015-12-29 18:00:00,1
93,2015-12-29 21:00:00,0
93,2015-12-30 00:00:00,0
93,2015-12-30 03:00:00,0
93,2015-12-30 06:00:00,0
93,2015-12-30 09:00:00,0
93,2015-12-30 12:00:00,0
93,2015-12-30 15:00:00,0
93,2015-12-30 18:00:00,0
93,2015-12-30 21:00:00,0
93,2015-12-31 00:00:00,0
93,2015-12-31 03:00:00,1
93,2015-12-31 06:00:00,1
93,2015-12-31 09:00:00,1
93,2015-12-31 12:00:00,1
93,2015-12-31 15:00:00,1
93,2015-12-31 18:00:00,1
93,2015-12-31 21:00:00,1
93,2016-01-01 00:00:00,1
93,2016-01-01 03:00:00,1
93,2016-01-01 06:00:00,1
94,2015-12-29 06:00:00,0
94,2015-12-29 09:00:00,1
94,2015-12-29 12:00:00,1
94,2015-12-29 15:00:00,1
94,2015-12-29 18:00:00,1
94,2015-12-29 21:00:00,1
94,2015-12-30 00:00:00,1
94,2015-12-30 03:00:00,1
94,2015-12-30 06:00:00,1
94,2015-12-30 09:00:00,1
94,2015-12-30 12:00:00,1
94,2015-12-30 15:00:00,1
94,2015-12-30 18:00:00,1
94,2015-12-30 21:00:00,1
94,2015-12-31 00:00:00,0
94,2015-12-31 03:00:00,0
94,2015-12-31 06:00:00,0
94,2015-12-31 09:00:00,0
94,2015-12-31 12:00:00,0
94,2015-12-31 15:00:00,0
94,2015-12-31 18:00:00,0
94,2015-12-31 21:00:00,1
94,2016-01-01 00:00:00,1
94,2016-01-01 03:00:00,1
94,2016-01-01 06:00:00,1
95,2015-12-29 06:00:00,1
95,2015-12-29 09:00:00,1
95,2015-12-29 12:00:00,0
95,2015-12-29 15:00:00,0
95,2015-12-29 18:00:00,1
95,2015-12-29 21:00:00,0
95,2015-12-30 00:00:00,0
95,2015-12-30 03:00:00,1
95,2015-12-30 06:00:00,0
95,2015-12-30 09:00:00,0
95,2015-12-30 12:00:00,1
95,2015-12-30 15:00:00,1
95,2015-12-30 18:00:00,1
95,2015-12-30 21:00:00,0
95,2015-12-31 00:00:00,0
95,2015-12-31 03:00:00,1
95,2015-12-31 06:00:00,1
95,2015-12-31 09:00:00,0
95,2015-12-31 12:00:00,1
95,2015-12-31 15:00:00,0
95,2015-12-31 18:00:00,0
95,2015-12-31 21:00:00,0
95,2016-01-01 00:00:00,0
95,2016-01-01 03:00:00,0
95,2016-01-01 06:00:00,0
96,2015-12-29 06:00:00,0
96,2015-12-29 09:00:00,0
96,2015-12-29 12:00:00,0
96,2015-12-29 15:00:00,0
96,2015-12-29 18:00:00,0
96,2015-12-29 21:00:00,0
96,2015-12-30 00:00:00,1
96,2015-12-30 03:00:00,0
96,2015-12-30 06:00:00,0
96,2015-12-30 09:00:00,0
96,2015-12-30 12:00:00,0
96,2015-12-30 15:00:00,1
96,2015-12-30 18:00:00,0
96,2015-12-30 21:00:00,0
96,2015-12-31 00:00:00,0
96,2015-12-31 03:00:00,0
96,2015-12-31 06:00:00,0
96,2015-12-31 09:00:00,0
96,2015-12-31 12:00:00,0
96,2015-12-31 15:00:00,0
96,2015-12-31 18:00:00,0
96,2015-12-31 21:00:00,0
96,2016-01-01 00:00:00,0
96,2016-01-01 03:00:00,0
96,2016-01-01 06:00:00,1
97,2015-12-29 06:00:00,0
97,2015-12-29 09:00:00,0
97,2015-12-29 12:00:00,0
97,2015-12-29 15:00:00,0
97,2015-12-29 18:00:00,0
97,2015-12-29 21:00:00,0
97,2015-12-30 00:00:00,0
97,2015-12-30 03:00:00,0
97,2015-12-30 06:00:00,0
97,2015-12-30 09:00:00,0
97,2015-12-30 12:00:00,0
97,2015-12-30 15:00:00,0
97,2015-12-30 18:00:00,1
97,2015-12-30 21:00:00,0
97,2015-12-31 00:00:00,0
97,2015-12-31 03:00:00,0
97,2015-12-31 06:00:00,0
97,2015-12-31 09:00:00,0
97,2015-12-31 12:00:00,0
97,2015-12-31 15:00:00,0
97,2015-12-31 18:00:00,0
97,2015-12-31 21:00:00,0
97,2016-01-01 00:00:00,0
97,2016-01-01 03:00:00,0
97,2016-01-01 06:00:00,0
98,2015-12-29 06:00:00,0
98,2015-12-29 09:00:00,0
98,2015-12-29 12:00:00,0
98,2015-12-29 15:00:00,0
98,2015-12-29 18:00:00,0
98,2015-12-29 21:00:00,0
98,2015-12-30 00:00:00,0
98,2015-12-30 03:00:00,0
98,2015-12-30 06:00:00,0
98,2015-12-30 09:00:00,0
98,2015-12-30 12:00:00,0
98,2015-12-30 15:00:00,0
98,2015-12-30 18:00:00,0
98,2015-12-30 21:00:00,0
98,2015-12-31 00:00:00,0
98,2015-12-31 03:00:00,0
98,2015-12-31 06:00:00,1
98,2015-12-31 09:00:00,1
98,2015-12-31 12:00:00,1
98,2015-12-31 15:00:00,1
98,2015-12-31 18:00:00,1
98,2015-12-31 21:00:00,1
98,2016-01-01 00:00:00,1
98,2016-01-01 03:00:00,1
98,2016-01-01 06:00:00,0
99,2015-12-29 06:00:00,1
99,2015-12-29 09:00:00,0
99,2015-12-29 12:00:00,0
99,2015-12-29 15:00:00,0
99,2015-12-29 18:00:00,0
99,2015-12-29 21:00:00,0
99,2015-12-30 00:00:00,0
99,2015-12-30 03:00:00,0
99,2015-12-30 06:00:00,0
99,2015-12-30 09:00:00,0
99,2015-12-30 12:00:00,0
99,2015-12-30 15:00:00,0
99,2015-12-30 18:00:00,0
99,2015-12-30 21:00:00,0
99,2015-12-31 00:00:00,0
99,2015-12-31 03:00:00,0
99,2015-12-31 06:00:00,0
99,2015-12-31 09:00:00,0
99,2015-12-31 12:00:00,0
99,2015-12-31 15:00:00,0
99,2015-12-31 18:00:00,0
99,2015-12-31 21:00:00,1
99,2016-01-01 00:00:00,0
99,2016-01-01 03:00:00,0
99,2016-01-01 06:00:00,0
100,2015-12-29 06:00:00,0
100,2015-12-29 09:00:00,0
100,2015-12-29 12:00:00,0
100,2015-12-29 15:00:00,0
100,2015-12-29 18:00:00,0
100,2015-12-29 21:00:00,0
100,2015-12-30 00:00:00,0
100,2015-12-30 03:00:00,0
100,2015-12-30 06:00:00,0
100,2015-12-30 09:00:00,0
100,2015-12-30 12:00:00,0
100,2015-12-30 15:00:00,0
100,2015-12-30 18:00:00,0
100,2015-12-30 21:00:00,0
100,2015-12-31 00:00:00,0
100,2015-12-31 03:00:00,0
100,2015-12-31 06:00:00,0
100,2015-12-31 09:00:00,1
100,2015-12-31 12:00:00,0
100,2015-12-31 15:00:00,0
100,2015-12-31 18:00:00,0
100,2015-12-31 21:00:00,0
100,2016-01-01 00:00:00,0
100,2016-01-01 03:00:00,0
100,2016-01-01 06:00:00,0
